12-05-2026 12:47:57 | ERROR | Error | GET | /api/v1/products : Can't find /api/v1/products on this server! 
Error: Can't find /api/v1/products on this server!
    at E:\ecommerce\backend\server.js:40:10
    at Layer.handleRequest (E:\ecommerce\backend\node_modules\router\lib\layer.js:152:17)
    at trimPrefix (E:\ecommerce\backend\node_modules\router\index.js:342:13)
    at E:\ecommerce\backend\node_modules\router\index.js:297:9
    at processParams (E:\ecommerce\backend\node_modules\router\index.js:582:12)
    at next (E:\ecommerce\backend\node_modules\router\index.js:291:5)
    at cors (E:\ecommerce\backend\node_modules\cors\lib\index.js:188:7)
    at E:\ecommerce\backend\node_modules\cors\lib\index.js:224:17
    at origin (E:\ecommerce\backend\middlewares\cors.middleware.js:7:20)
    at E:\ecommerce\backend\node_modules\cors\lib\index.js:219:13
12-05-2026 12:48:35 | ERROR | Error | GET | /api/v1/oder : Can't find /api/v1/oder on this server! 
Error: Can't find /api/v1/oder on this server!
    at E:\ecommerce\backend\server.js:40:10
    at Layer.handleRequest (E:\ecommerce\backend\node_modules\router\lib\layer.js:152:17)
    at trimPrefix (E:\ecommerce\backend\node_modules\router\index.js:342:13)
    at E:\ecommerce\backend\node_modules\router\index.js:297:9
    at processParams (E:\ecommerce\backend\node_modules\router\index.js:582:12)
    at next (E:\ecommerce\backend\node_modules\router\index.js:291:5)
    at cors (E:\ecommerce\backend\node_modules\cors\lib\index.js:188:7)
    at E:\ecommerce\backend\node_modules\cors\lib\index.js:224:17
    at origin (E:\ecommerce\backend\middlewares\cors.middleware.js:7:20)
    at E:\ecommerce\backend\node_modules\cors\lib\index.js:219:13
12-05-2026 12:48:39 | ERROR | Error | GET | /api/v1/order : Can't find /api/v1/order on this server! 
Error: Can't find /api/v1/order on this server!
    at E:\ecommerce\backend\server.js:40:10
    at Layer.handleRequest (E:\ecommerce\backend\node_modules\router\lib\layer.js:152:17)
    at trimPrefix (E:\ecommerce\backend\node_modules\router\index.js:342:13)
    at E:\ecommerce\backend\node_modules\router\index.js:297:9
    at processParams (E:\ecommerce\backend\node_modules\router\index.js:582:12)
    at next (E:\ecommerce\backend\node_modules\router\index.js:291:5)
    at cors (E:\ecommerce\backend\node_modules\cors\lib\index.js:188:7)
    at E:\ecommerce\backend\node_modules\cors\lib\index.js:224:17
    at origin (E:\ecommerce\backend\middlewares\cors.middleware.js:7:20)
    at E:\ecommerce\backend\node_modules\cors\lib\index.js:219:13
12-05-2026 12:48:58 | ERROR | Error | GET | /api/v1/user : You are not logged in! Please log in to get access. 
Error: You are not logged in! Please log in to get access.
    at E:\ecommerce\backend\middlewares\auth.middleware.js:13:21
    at E:\ecommerce\backend\utilites\catchAsync.uti.js:2:32
    at Layer.handleRequest (E:\ecommerce\backend\node_modules\router\lib\layer.js:152:17)
    at trimPrefix (E:\ecommerce\backend\node_modules\router\index.js:342:13)
    at E:\ecommerce\backend\node_modules\router\index.js:297:9
    at processParams (E:\ecommerce\backend\node_modules\router\index.js:582:12)
    at next (E:\ecommerce\backend\node_modules\router\index.js:291:5)
    at router.handle (E:\ecommerce\backend\node_modules\router\index.js:186:3)
    at router (E:\ecommerce\backend\node_modules\router\index.js:60:12)
    at Layer.handleRequest (E:\ecommerce\backend\node_modules\router\lib\layer.js:152:17)
12-05-2026 12:49:58 | ERROR | Error | GET | /api/v1/User : You are not logged in! Please log in to get access. 
Error: You are not logged in! Please log in to get access.
    at E:\ecommerce\backend\middlewares\auth.middleware.js:13:21
    at E:\ecommerce\backend\utilites\catchAsync.uti.js:2:32
    at Layer.handleRequest (E:\ecommerce\backend\node_modules\router\lib\layer.js:152:17)
    at trimPrefix (E:\ecommerce\backend\node_modules\router\index.js:342:13)
    at E:\ecommerce\backend\node_modules\router\index.js:297:9
    at processParams (E:\ecommerce\backend\node_modules\router\index.js:582:12)
    at next (E:\ecommerce\backend\node_modules\router\index.js:291:5)
    at router.handle (E:\ecommerce\backend\node_modules\router\index.js:186:3)
    at router (E:\ecommerce\backend\node_modules\router\index.js:60:12)
    at Layer.handleRequest (E:\ecommerce\backend\node_modules\router\lib\layer.js:152:17)
12-05-2026 12:50:39 | ERROR | Error | GET | /api/v1/categary : Can't find /api/v1/categary on this server! 
Error: Can't find /api/v1/categary on this server!
    at E:\ecommerce\backend\server.js:40:10
    at Layer.handleRequest (E:\ecommerce\backend\node_modules\router\lib\layer.js:152:17)
    at trimPrefix (E:\ecommerce\backend\node_modules\router\index.js:342:13)
    at E:\ecommerce\backend\node_modules\router\index.js:297:9
    at processParams (E:\ecommerce\backend\node_modules\router\index.js:582:12)
    at next (E:\ecommerce\backend\node_modules\router\index.js:291:5)
    at cors (E:\ecommerce\backend\node_modules\cors\lib\index.js:188:7)
    at E:\ecommerce\backend\node_modules\cors\lib\index.js:224:17
    at origin (E:\ecommerce\backend\middlewares\cors.middleware.js:7:20)
    at E:\ecommerce\backend\node_modules\cors\lib\index.js:219:13
12-05-2026 12:51:16 | ERROR | Error | GET | /api/v1/category : Can't find /api/v1/category on this server! 
Error: Can't find /api/v1/category on this server!
    at E:\ecommerce\backend\server.js:40:10
    at Layer.handleRequest (E:\ecommerce\backend\node_modules\router\lib\layer.js:152:17)
    at trimPrefix (E:\ecommerce\backend\node_modules\router\index.js:342:13)
    at E:\ecommerce\backend\node_modules\router\index.js:297:9
    at processParams (E:\ecommerce\backend\node_modules\router\index.js:582:12)
    at next (E:\ecommerce\backend\node_modules\router\index.js:291:5)
    at cors (E:\ecommerce\backend\node_modules\cors\lib\index.js:188:7)
    at E:\ecommerce\backend\node_modules\cors\lib\index.js:224:17
    at origin (E:\ecommerce\backend\middlewares\cors.middleware.js:7:20)
    at E:\ecommerce\backend\node_modules\cors\lib\index.js:219:13
12-05-2026 12:51:22 | ERROR | Error | GET | /api/v1/subcategory : Can't find /api/v1/subcategory on this server! 
Error: Can't find /api/v1/subcategory on this server!
    at E:\ecommerce\backend\server.js:40:10
    at Layer.handleRequest (E:\ecommerce\backend\node_modules\router\lib\layer.js:152:17)
    at trimPrefix (E:\ecommerce\backend\node_modules\router\index.js:342:13)
    at E:\ecommerce\backend\node_modules\router\index.js:297:9
    at processParams (E:\ecommerce\backend\node_modules\router\index.js:582:12)
    at next (E:\ecommerce\backend\node_modules\router\index.js:291:5)
    at cors (E:\ecommerce\backend\node_modules\cors\lib\index.js:188:7)
    at E:\ecommerce\backend\node_modules\cors\lib\index.js:224:17
    at origin (E:\ecommerce\backend\middlewares\cors.middleware.js:7:20)
    at E:\ecommerce\backend\node_modules\cors\lib\index.js:219:13
12-05-2026 18:52:57 | ERROR | Error | GET | /api/v1/users : Can't find /api/v1/users on this server! 
Error: Can't find /api/v1/users on this server!
    at E:\ecommerce\backend\server.js:40:10
    at Layer.handleRequest (E:\ecommerce\backend\node_modules\router\lib\layer.js:152:17)
    at trimPrefix (E:\ecommerce\backend\node_modules\router\index.js:342:13)
    at E:\ecommerce\backend\node_modules\router\index.js:297:9
    at processParams (E:\ecommerce\backend\node_modules\router\index.js:582:12)
    at next (E:\ecommerce\backend\node_modules\router\index.js:291:5)
    at cors (E:\ecommerce\backend\node_modules\cors\lib\index.js:188:7)
    at E:\ecommerce\backend\node_modules\cors\lib\index.js:224:17
    at origin (E:\ecommerce\backend\middlewares\cors.middleware.js:7:20)
    at E:\ecommerce\backend\node_modules\cors\lib\index.js:219:13
12-05-2026 18:52:58 | ERROR | Error | GET | /api/v1/users : Can't find /api/v1/users on this server! 
Error: Can't find /api/v1/users on this server!
    at E:\ecommerce\backend\server.js:40:10
    at Layer.handleRequest (E:\ecommerce\backend\node_modules\router\lib\layer.js:152:17)
    at trimPrefix (E:\ecommerce\backend\node_modules\router\index.js:342:13)
    at E:\ecommerce\backend\node_modules\router\index.js:297:9
    at processParams (E:\ecommerce\backend\node_modules\router\index.js:582:12)
    at next (E:\ecommerce\backend\node_modules\router\index.js:291:5)
    at cors (E:\ecommerce\backend\node_modules\cors\lib\index.js:188:7)
    at E:\ecommerce\backend\node_modules\cors\lib\index.js:224:17
    at origin (E:\ecommerce\backend\middlewares\cors.middleware.js:7:20)
    at E:\ecommerce\backend\node_modules\cors\lib\index.js:219:13
14-05-2026 10:30:30 | ERROR | Error | GET | /api/v1/product : CORS policy: origin not allowed 
Error: CORS policy: origin not allowed
    at origin (E:\ecommerce\backend\middlewares\cors.middleware.js:12:33)
    at E:\ecommerce\backend\node_modules\cors\lib\index.js:219:13
    at optionsCallback (E:\ecommerce\backend\node_modules\cors\lib\index.js:199:9)
    at corsMiddleware (E:\ecommerce\backend\node_modules\cors\lib\index.js:204:7)
    at Layer.handleRequest (E:\ecommerce\backend\node_modules\router\lib\layer.js:152:17)
    at trimPrefix (E:\ecommerce\backend\node_modules\router\index.js:342:13)
    at E:\ecommerce\backend\node_modules\router\index.js:297:9
    at processParams (E:\ecommerce\backend\node_modules\router\index.js:582:12)
    at next (E:\ecommerce\backend\node_modules\router\index.js:291:5)
    at read (E:\ecommerce\backend\node_modules\body-parser\lib\read.js:53:5)
14-05-2026 10:30:42 | ERROR | Error | GET | /api/v1/product : CORS policy: origin not allowed 
Error: CORS policy: origin not allowed
    at origin (E:\ecommerce\backend\middlewares\cors.middleware.js:12:33)
    at E:\ecommerce\backend\node_modules\cors\lib\index.js:219:13
    at optionsCallback (E:\ecommerce\backend\node_modules\cors\lib\index.js:199:9)
    at corsMiddleware (E:\ecommerce\backend\node_modules\cors\lib\index.js:204:7)
    at Layer.handleRequest (E:\ecommerce\backend\node_modules\router\lib\layer.js:152:17)
    at trimPrefix (E:\ecommerce\backend\node_modules\router\index.js:342:13)
    at E:\ecommerce\backend\node_modules\router\index.js:297:9
    at processParams (E:\ecommerce\backend\node_modules\router\index.js:582:12)
    at next (E:\ecommerce\backend\node_modules\router\index.js:291:5)
    at read (E:\ecommerce\backend\node_modules\body-parser\lib\read.js:53:5)
14-05-2026 10:30:43 | ERROR | Error | GET | /api/v1/product : CORS policy: origin not allowed 
Error: CORS policy: origin not allowed
    at origin (E:\ecommerce\backend\middlewares\cors.middleware.js:12:33)
    at E:\ecommerce\backend\node_modules\cors\lib\index.js:219:13
    at optionsCallback (E:\ecommerce\backend\node_modules\cors\lib\index.js:199:9)
    at corsMiddleware (E:\ecommerce\backend\node_modules\cors\lib\index.js:204:7)
    at Layer.handleRequest (E:\ecommerce\backend\node_modules\router\lib\layer.js:152:17)
    at trimPrefix (E:\ecommerce\backend\node_modules\router\index.js:342:13)
    at E:\ecommerce\backend\node_modules\router\index.js:297:9
    at processParams (E:\ecommerce\backend\node_modules\router\index.js:582:12)
    at next (E:\ecommerce\backend\node_modules\router\index.js:291:5)
    at read (E:\ecommerce\backend\node_modules\body-parser\lib\read.js:53:5)
14-05-2026 10:30:45 | ERROR | Error | GET | /api/v1/product : CORS policy: origin not allowed 
Error: CORS policy: origin not allowed
    at origin (E:\ecommerce\backend\middlewares\cors.middleware.js:12:33)
    at E:\ecommerce\backend\node_modules\cors\lib\index.js:219:13
    at optionsCallback (E:\ecommerce\backend\node_modules\cors\lib\index.js:199:9)
    at corsMiddleware (E:\ecommerce\backend\node_modules\cors\lib\index.js:204:7)
    at Layer.handleRequest (E:\ecommerce\backend\node_modules\router\lib\layer.js:152:17)
    at trimPrefix (E:\ecommerce\backend\node_modules\router\index.js:342:13)
    at E:\ecommerce\backend\node_modules\router\index.js:297:9
    at processParams (E:\ecommerce\backend\node_modules\router\index.js:582:12)
    at next (E:\ecommerce\backend\node_modules\router\index.js:291:5)
    at read (E:\ecommerce\backend\node_modules\body-parser\lib\read.js:53:5)
14-05-2026 10:30:46 | ERROR | Error | GET | /api/v1/product : CORS policy: origin not allowed 
Error: CORS policy: origin not allowed
    at origin (E:\ecommerce\backend\middlewares\cors.middleware.js:12:33)
    at E:\ecommerce\backend\node_modules\cors\lib\index.js:219:13
    at optionsCallback (E:\ecommerce\backend\node_modules\cors\lib\index.js:199:9)
    at corsMiddleware (E:\ecommerce\backend\node_modules\cors\lib\index.js:204:7)
    at Layer.handleRequest (E:\ecommerce\backend\node_modules\router\lib\layer.js:152:17)
    at trimPrefix (E:\ecommerce\backend\node_modules\router\index.js:342:13)
    at E:\ecommerce\backend\node_modules\router\index.js:297:9
    at processParams (E:\ecommerce\backend\node_modules\router\index.js:582:12)
    at next (E:\ecommerce\backend\node_modules\router\index.js:291:5)
    at read (E:\ecommerce\backend\node_modules\body-parser\lib\read.js:53:5)
14-05-2026 10:30:52 | ERROR | Error | GET | /api/v1/product : CORS policy: origin not allowed 
Error: CORS policy: origin not allowed
    at origin (E:\ecommerce\backend\middlewares\cors.middleware.js:12:33)
    at E:\ecommerce\backend\node_modules\cors\lib\index.js:219:13
    at optionsCallback (E:\ecommerce\backend\node_modules\cors\lib\index.js:199:9)
    at corsMiddleware (E:\ecommerce\backend\node_modules\cors\lib\index.js:204:7)
    at Layer.handleRequest (E:\ecommerce\backend\node_modules\router\lib\layer.js:152:17)
    at trimPrefix (E:\ecommerce\backend\node_modules\router\index.js:342:13)
    at E:\ecommerce\backend\node_modules\router\index.js:297:9
    at processParams (E:\ecommerce\backend\node_modules\router\index.js:582:12)
    at next (E:\ecommerce\backend\node_modules\router\index.js:291:5)
    at read (E:\ecommerce\backend\node_modules\body-parser\lib\read.js:53:5)
14-05-2026 10:30:56 | ERROR | Error | GET | /api/v1/product : CORS policy: origin not allowed 
Error: CORS policy: origin not allowed
    at origin (E:\ecommerce\backend\middlewares\cors.middleware.js:12:33)
    at E:\ecommerce\backend\node_modules\cors\lib\index.js:219:13
    at optionsCallback (E:\ecommerce\backend\node_modules\cors\lib\index.js:199:9)
    at corsMiddleware (E:\ecommerce\backend\node_modules\cors\lib\index.js:204:7)
    at Layer.handleRequest (E:\ecommerce\backend\node_modules\router\lib\layer.js:152:17)
    at trimPrefix (E:\ecommerce\backend\node_modules\router\index.js:342:13)
    at E:\ecommerce\backend\node_modules\router\index.js:297:9
    at processParams (E:\ecommerce\backend\node_modules\router\index.js:582:12)
    at next (E:\ecommerce\backend\node_modules\router\index.js:291:5)
    at read (E:\ecommerce\backend\node_modules\body-parser\lib\read.js:53:5)
14-05-2026 10:30:56 | ERROR | Error | GET | /api/v1/product : CORS policy: origin not allowed 
Error: CORS policy: origin not allowed
    at origin (E:\ecommerce\backend\middlewares\cors.middleware.js:12:33)
    at E:\ecommerce\backend\node_modules\cors\lib\index.js:219:13
    at optionsCallback (E:\ecommerce\backend\node_modules\cors\lib\index.js:199:9)
    at corsMiddleware (E:\ecommerce\backend\node_modules\cors\lib\index.js:204:7)
    at Layer.handleRequest (E:\ecommerce\backend\node_modules\router\lib\layer.js:152:17)
    at trimPrefix (E:\ecommerce\backend\node_modules\router\index.js:342:13)
    at E:\ecommerce\backend\node_modules\router\index.js:297:9
    at processParams (E:\ecommerce\backend\node_modules\router\index.js:582:12)
    at next (E:\ecommerce\backend\node_modules\router\index.js:291:5)
    at read (E:\ecommerce\backend\node_modules\body-parser\lib\read.js:53:5)
14-05-2026 10:30:58 | ERROR | Error | GET | /api/v1/product : CORS policy: origin not allowed 
Error: CORS policy: origin not allowed
    at origin (E:\ecommerce\backend\middlewares\cors.middleware.js:12:33)
    at E:\ecommerce\backend\node_modules\cors\lib\index.js:219:13
    at optionsCallback (E:\ecommerce\backend\node_modules\cors\lib\index.js:199:9)
    at corsMiddleware (E:\ecommerce\backend\node_modules\cors\lib\index.js:204:7)
    at Layer.handleRequest (E:\ecommerce\backend\node_modules\router\lib\layer.js:152:17)
    at trimPrefix (E:\ecommerce\backend\node_modules\router\index.js:342:13)
    at E:\ecommerce\backend\node_modules\router\index.js:297:9
    at processParams (E:\ecommerce\backend\node_modules\router\index.js:582:12)
    at next (E:\ecommerce\backend\node_modules\router\index.js:291:5)
    at read (E:\ecommerce\backend\node_modules\body-parser\lib\read.js:53:5)
14-05-2026 10:33:36 | ERROR | Error | GET | /api/v1/product : CORS policy: origin not allowed 
Error: CORS policy: origin not allowed
    at origin (E:\ecommerce\backend\middlewares\cors.middleware.js:12:33)
    at E:\ecommerce\backend\node_modules\cors\lib\index.js:219:13
    at optionsCallback (E:\ecommerce\backend\node_modules\cors\lib\index.js:199:9)
    at corsMiddleware (E:\ecommerce\backend\node_modules\cors\lib\index.js:204:7)
    at Layer.handleRequest (E:\ecommerce\backend\node_modules\router\lib\layer.js:152:17)
    at trimPrefix (E:\ecommerce\backend\node_modules\router\index.js:342:13)
    at E:\ecommerce\backend\node_modules\router\index.js:297:9
    at processParams (E:\ecommerce\backend\node_modules\router\index.js:582:12)
    at next (E:\ecommerce\backend\node_modules\router\index.js:291:5)
    at read (E:\ecommerce\backend\node_modules\body-parser\lib\read.js:53:5)
14-05-2026 10:33:36 | ERROR | Error | GET | /api/v1/product : CORS policy: origin not allowed 
Error: CORS policy: origin not allowed
    at origin (E:\ecommerce\backend\middlewares\cors.middleware.js:12:33)
    at E:\ecommerce\backend\node_modules\cors\lib\index.js:219:13
    at optionsCallback (E:\ecommerce\backend\node_modules\cors\lib\index.js:199:9)
    at corsMiddleware (E:\ecommerce\backend\node_modules\cors\lib\index.js:204:7)
    at Layer.handleRequest (E:\ecommerce\backend\node_modules\router\lib\layer.js:152:17)
    at trimPrefix (E:\ecommerce\backend\node_modules\router\index.js:342:13)
    at E:\ecommerce\backend\node_modules\router\index.js:297:9
    at processParams (E:\ecommerce\backend\node_modules\router\index.js:582:12)
    at next (E:\ecommerce\backend\node_modules\router\index.js:291:5)
    at read (E:\ecommerce\backend\node_modules\body-parser\lib\read.js:53:5)
14-05-2026 11:05:36 | ERROR | Error | GET | /api/v1/product : CORS policy: origin not allowed 
Error: CORS policy: origin not allowed
    at origin (E:\ecommerce\backend\middlewares\cors.middleware.js:12:33)
    at E:\ecommerce\backend\node_modules\cors\lib\index.js:219:13
    at optionsCallback (E:\ecommerce\backend\node_modules\cors\lib\index.js:199:9)
    at corsMiddleware (E:\ecommerce\backend\node_modules\cors\lib\index.js:204:7)
    at Layer.handleRequest (E:\ecommerce\backend\node_modules\router\lib\layer.js:152:17)
    at trimPrefix (E:\ecommerce\backend\node_modules\router\index.js:342:13)
    at E:\ecommerce\backend\node_modules\router\index.js:297:9
    at processParams (E:\ecommerce\backend\node_modules\router\index.js:582:12)
    at next (E:\ecommerce\backend\node_modules\router\index.js:291:5)
    at read (E:\ecommerce\backend\node_modules\body-parser\lib\read.js:53:5)
14-05-2026 11:05:40 | ERROR | Error | GET | /api/v1/product : CORS policy: origin not allowed 
Error: CORS policy: origin not allowed
    at origin (E:\ecommerce\backend\middlewares\cors.middleware.js:12:33)
    at E:\ecommerce\backend\node_modules\cors\lib\index.js:219:13
    at optionsCallback (E:\ecommerce\backend\node_modules\cors\lib\index.js:199:9)
    at corsMiddleware (E:\ecommerce\backend\node_modules\cors\lib\index.js:204:7)
    at Layer.handleRequest (E:\ecommerce\backend\node_modules\router\lib\layer.js:152:17)
    at trimPrefix (E:\ecommerce\backend\node_modules\router\index.js:342:13)
    at E:\ecommerce\backend\node_modules\router\index.js:297:9
    at processParams (E:\ecommerce\backend\node_modules\router\index.js:582:12)
    at next (E:\ecommerce\backend\node_modules\router\index.js:291:5)
    at read (E:\ecommerce\backend\node_modules\body-parser\lib\read.js:53:5)
14-05-2026 11:05:46 | ERROR | Error | GET | /api/v1/product : CORS policy: origin not allowed 
Error: CORS policy: origin not allowed
    at origin (E:\ecommerce\backend\middlewares\cors.middleware.js:12:33)
    at E:\ecommerce\backend\node_modules\cors\lib\index.js:219:13
    at optionsCallback (E:\ecommerce\backend\node_modules\cors\lib\index.js:199:9)
    at corsMiddleware (E:\ecommerce\backend\node_modules\cors\lib\index.js:204:7)
    at Layer.handleRequest (E:\ecommerce\backend\node_modules\router\lib\layer.js:152:17)
    at trimPrefix (E:\ecommerce\backend\node_modules\router\index.js:342:13)
    at E:\ecommerce\backend\node_modules\router\index.js:297:9
    at processParams (E:\ecommerce\backend\node_modules\router\index.js:582:12)
    at next (E:\ecommerce\backend\node_modules\router\index.js:291:5)
    at read (E:\ecommerce\backend\node_modules\body-parser\lib\read.js:53:5)
14-05-2026 11:05:49 | ERROR | Error | GET | /api/v1/product : CORS policy: origin not allowed 
Error: CORS policy: origin not allowed
    at origin (E:\ecommerce\backend\middlewares\cors.middleware.js:12:33)
    at E:\ecommerce\backend\node_modules\cors\lib\index.js:219:13
    at optionsCallback (E:\ecommerce\backend\node_modules\cors\lib\index.js:199:9)
    at corsMiddleware (E:\ecommerce\backend\node_modules\cors\lib\index.js:204:7)
    at Layer.handleRequest (E:\ecommerce\backend\node_modules\router\lib\layer.js:152:17)
    at trimPrefix (E:\ecommerce\backend\node_modules\router\index.js:342:13)
    at E:\ecommerce\backend\node_modules\router\index.js:297:9
    at processParams (E:\ecommerce\backend\node_modules\router\index.js:582:12)
    at next (E:\ecommerce\backend\node_modules\router\index.js:291:5)
    at read (E:\ecommerce\backend\node_modules\body-parser\lib\read.js:53:5)
14-05-2026 11:05:52 | ERROR | Error | GET | /api/v1/product : CORS policy: origin not allowed 
Error: CORS policy: origin not allowed
    at origin (E:\ecommerce\backend\middlewares\cors.middleware.js:12:33)
    at E:\ecommerce\backend\node_modules\cors\lib\index.js:219:13
    at optionsCallback (E:\ecommerce\backend\node_modules\cors\lib\index.js:199:9)
    at corsMiddleware (E:\ecommerce\backend\node_modules\cors\lib\index.js:204:7)
    at Layer.handleRequest (E:\ecommerce\backend\node_modules\router\lib\layer.js:152:17)
    at trimPrefix (E:\ecommerce\backend\node_modules\router\index.js:342:13)
    at E:\ecommerce\backend\node_modules\router\index.js:297:9
    at processParams (E:\ecommerce\backend\node_modules\router\index.js:582:12)
    at next (E:\ecommerce\backend\node_modules\router\index.js:291:5)
    at read (E:\ecommerce\backend\node_modules\body-parser\lib\read.js:53:5)
14-05-2026 11:05:54 | ERROR | Error | GET | /api/v1/product : CORS policy: origin not allowed 
Error: CORS policy: origin not allowed
    at origin (E:\ecommerce\backend\middlewares\cors.middleware.js:12:33)
    at E:\ecommerce\backend\node_modules\cors\lib\index.js:219:13
    at optionsCallback (E:\ecommerce\backend\node_modules\cors\lib\index.js:199:9)
    at corsMiddleware (E:\ecommerce\backend\node_modules\cors\lib\index.js:204:7)
    at Layer.handleRequest (E:\ecommerce\backend\node_modules\router\lib\layer.js:152:17)
    at trimPrefix (E:\ecommerce\backend\node_modules\router\index.js:342:13)
    at E:\ecommerce\backend\node_modules\router\index.js:297:9
    at processParams (E:\ecommerce\backend\node_modules\router\index.js:582:12)
    at next (E:\ecommerce\backend\node_modules\router\index.js:291:5)
    at read (E:\ecommerce\backend\node_modules\body-parser\lib\read.js:53:5)
14-05-2026 11:05:55 | ERROR | Error | GET | /api/v1/product : CORS policy: origin not allowed 
Error: CORS policy: origin not allowed
    at origin (E:\ecommerce\backend\middlewares\cors.middleware.js:12:33)
    at E:\ecommerce\backend\node_modules\cors\lib\index.js:219:13
    at optionsCallback (E:\ecommerce\backend\node_modules\cors\lib\index.js:199:9)
    at corsMiddleware (E:\ecommerce\backend\node_modules\cors\lib\index.js:204:7)
    at Layer.handleRequest (E:\ecommerce\backend\node_modules\router\lib\layer.js:152:17)
    at trimPrefix (E:\ecommerce\backend\node_modules\router\index.js:342:13)
    at E:\ecommerce\backend\node_modules\router\index.js:297:9
    at processParams (E:\ecommerce\backend\node_modules\router\index.js:582:12)
    at next (E:\ecommerce\backend\node_modules\router\index.js:291:5)
    at read (E:\ecommerce\backend\node_modules\body-parser\lib\read.js:53:5)
14-05-2026 11:06:01 | ERROR | Error | GET | /api/v1/product : CORS policy: origin not allowed 
Error: CORS policy: origin not allowed
    at origin (E:\ecommerce\backend\middlewares\cors.middleware.js:12:33)
    at E:\ecommerce\backend\node_modules\cors\lib\index.js:219:13
    at optionsCallback (E:\ecommerce\backend\node_modules\cors\lib\index.js:199:9)
    at corsMiddleware (E:\ecommerce\backend\node_modules\cors\lib\index.js:204:7)
    at Layer.handleRequest (E:\ecommerce\backend\node_modules\router\lib\layer.js:152:17)
    at trimPrefix (E:\ecommerce\backend\node_modules\router\index.js:342:13)
    at E:\ecommerce\backend\node_modules\router\index.js:297:9
    at processParams (E:\ecommerce\backend\node_modules\router\index.js:582:12)
    at next (E:\ecommerce\backend\node_modules\router\index.js:291:5)
    at read (E:\ecommerce\backend\node_modules\body-parser\lib\read.js:53:5)
14-05-2026 11:06:02 | ERROR | Error | GET | /api/v1/product : CORS policy: origin not allowed 
Error: CORS policy: origin not allowed
    at origin (E:\ecommerce\backend\middlewares\cors.middleware.js:12:33)
    at E:\ecommerce\backend\node_modules\cors\lib\index.js:219:13
    at optionsCallback (E:\ecommerce\backend\node_modules\cors\lib\index.js:199:9)
    at corsMiddleware (E:\ecommerce\backend\node_modules\cors\lib\index.js:204:7)
    at Layer.handleRequest (E:\ecommerce\backend\node_modules\router\lib\layer.js:152:17)
    at trimPrefix (E:\ecommerce\backend\node_modules\router\index.js:342:13)
    at E:\ecommerce\backend\node_modules\router\index.js:297:9
    at processParams (E:\ecommerce\backend\node_modules\router\index.js:582:12)
    at next (E:\ecommerce\backend\node_modules\router\index.js:291:5)
    at read (E:\ecommerce\backend\node_modules\body-parser\lib\read.js:53:5)
14-05-2026 11:13:30 | ERROR | Error | GET | /api/v1/product : CORS policy: origin not allowed 
Error: CORS policy: origin not allowed
    at origin (E:\ecommerce\backend\middlewares\cors.middleware.js:12:33)
    at E:\ecommerce\backend\node_modules\cors\lib\index.js:219:13
    at optionsCallback (E:\ecommerce\backend\node_modules\cors\lib\index.js:199:9)
    at corsMiddleware (E:\ecommerce\backend\node_modules\cors\lib\index.js:204:7)
    at Layer.handleRequest (E:\ecommerce\backend\node_modules\router\lib\layer.js:152:17)
    at trimPrefix (E:\ecommerce\backend\node_modules\router\index.js:342:13)
    at E:\ecommerce\backend\node_modules\router\index.js:297:9
    at processParams (E:\ecommerce\backend\node_modules\router\index.js:582:12)
    at next (E:\ecommerce\backend\node_modules\router\index.js:291:5)
    at read (E:\ecommerce\backend\node_modules\body-parser\lib\read.js:53:5)
14-05-2026 11:13:31 | ERROR | Error | GET | /api/v1/product : CORS policy: origin not allowed 
Error: CORS policy: origin not allowed
    at origin (E:\ecommerce\backend\middlewares\cors.middleware.js:12:33)
    at E:\ecommerce\backend\node_modules\cors\lib\index.js:219:13
    at optionsCallback (E:\ecommerce\backend\node_modules\cors\lib\index.js:199:9)
    at corsMiddleware (E:\ecommerce\backend\node_modules\cors\lib\index.js:204:7)
    at Layer.handleRequest (E:\ecommerce\backend\node_modules\router\lib\layer.js:152:17)
    at trimPrefix (E:\ecommerce\backend\node_modules\router\index.js:342:13)
    at E:\ecommerce\backend\node_modules\router\index.js:297:9
    at processParams (E:\ecommerce\backend\node_modules\router\index.js:582:12)
    at next (E:\ecommerce\backend\node_modules\router\index.js:291:5)
    at read (E:\ecommerce\backend\node_modules\body-parser\lib\read.js:53:5)
14-05-2026 11:13:36 | ERROR | Error | GET | /api/v1/product : CORS policy: origin not allowed 
Error: CORS policy: origin not allowed
    at origin (E:\ecommerce\backend\middlewares\cors.middleware.js:12:33)
    at E:\ecommerce\backend\node_modules\cors\lib\index.js:219:13
    at optionsCallback (E:\ecommerce\backend\node_modules\cors\lib\index.js:199:9)
    at corsMiddleware (E:\ecommerce\backend\node_modules\cors\lib\index.js:204:7)
    at Layer.handleRequest (E:\ecommerce\backend\node_modules\router\lib\layer.js:152:17)
    at trimPrefix (E:\ecommerce\backend\node_modules\router\index.js:342:13)
    at E:\ecommerce\backend\node_modules\router\index.js:297:9
    at processParams (E:\ecommerce\backend\node_modules\router\index.js:582:12)
    at next (E:\ecommerce\backend\node_modules\router\index.js:291:5)
    at read (E:\ecommerce\backend\node_modules\body-parser\lib\read.js:53:5)
14-05-2026 11:13:37 | ERROR | Error | GET | /api/v1/product : CORS policy: origin not allowed 
Error: CORS policy: origin not allowed
    at origin (E:\ecommerce\backend\middlewares\cors.middleware.js:12:33)
    at E:\ecommerce\backend\node_modules\cors\lib\index.js:219:13
    at optionsCallback (E:\ecommerce\backend\node_modules\cors\lib\index.js:199:9)
    at corsMiddleware (E:\ecommerce\backend\node_modules\cors\lib\index.js:204:7)
    at Layer.handleRequest (E:\ecommerce\backend\node_modules\router\lib\layer.js:152:17)
    at trimPrefix (E:\ecommerce\backend\node_modules\router\index.js:342:13)
    at E:\ecommerce\backend\node_modules\router\index.js:297:9
    at processParams (E:\ecommerce\backend\node_modules\router\index.js:582:12)
    at next (E:\ecommerce\backend\node_modules\router\index.js:291:5)
    at read (E:\ecommerce\backend\node_modules\body-parser\lib\read.js:53:5)
14-05-2026 11:13:38 | ERROR | Error | GET | /api/v1/product : CORS policy: origin not allowed 
Error: CORS policy: origin not allowed
    at origin (E:\ecommerce\backend\middlewares\cors.middleware.js:12:33)
    at E:\ecommerce\backend\node_modules\cors\lib\index.js:219:13
    at optionsCallback (E:\ecommerce\backend\node_modules\cors\lib\index.js:199:9)
    at corsMiddleware (E:\ecommerce\backend\node_modules\cors\lib\index.js:204:7)
    at Layer.handleRequest (E:\ecommerce\backend\node_modules\router\lib\layer.js:152:17)
    at trimPrefix (E:\ecommerce\backend\node_modules\router\index.js:342:13)
    at E:\ecommerce\backend\node_modules\router\index.js:297:9
    at processParams (E:\ecommerce\backend\node_modules\router\index.js:582:12)
    at next (E:\ecommerce\backend\node_modules\router\index.js:291:5)
    at read (E:\ecommerce\backend\node_modules\body-parser\lib\read.js:53:5)
14-05-2026 11:13:53 | ERROR | Error | GET | /api/v1/product : CORS policy: origin not allowed 
Error: CORS policy: origin not allowed
    at origin (E:\ecommerce\backend\middlewares\cors.middleware.js:12:33)
    at E:\ecommerce\backend\node_modules\cors\lib\index.js:219:13
    at optionsCallback (E:\ecommerce\backend\node_modules\cors\lib\index.js:199:9)
    at corsMiddleware (E:\ecommerce\backend\node_modules\cors\lib\index.js:204:7)
    at Layer.handleRequest (E:\ecommerce\backend\node_modules\router\lib\layer.js:152:17)
    at trimPrefix (E:\ecommerce\backend\node_modules\router\index.js:342:13)
    at E:\ecommerce\backend\node_modules\router\index.js:297:9
    at processParams (E:\ecommerce\backend\node_modules\router\index.js:582:12)
    at next (E:\ecommerce\backend\node_modules\router\index.js:291:5)
    at read (E:\ecommerce\backend\node_modules\body-parser\lib\read.js:53:5)
14-05-2026 11:13:54 | ERROR | Error | GET | /api/v1/product : CORS policy: origin not allowed 
Error: CORS policy: origin not allowed
    at origin (E:\ecommerce\backend\middlewares\cors.middleware.js:12:33)
    at E:\ecommerce\backend\node_modules\cors\lib\index.js:219:13
    at optionsCallback (E:\ecommerce\backend\node_modules\cors\lib\index.js:199:9)
    at corsMiddleware (E:\ecommerce\backend\node_modules\cors\lib\index.js:204:7)
    at Layer.handleRequest (E:\ecommerce\backend\node_modules\router\lib\layer.js:152:17)
    at trimPrefix (E:\ecommerce\backend\node_modules\router\index.js:342:13)
    at E:\ecommerce\backend\node_modules\router\index.js:297:9
    at processParams (E:\ecommerce\backend\node_modules\router\index.js:582:12)
    at next (E:\ecommerce\backend\node_modules\router\index.js:291:5)
    at read (E:\ecommerce\backend\node_modules\body-parser\lib\read.js:53:5)
14-05-2026 11:13:55 | ERROR | Error | GET | /api/v1/product : CORS policy: origin not allowed 
Error: CORS policy: origin not allowed
    at origin (E:\ecommerce\backend\middlewares\cors.middleware.js:12:33)
    at E:\ecommerce\backend\node_modules\cors\lib\index.js:219:13
    at optionsCallback (E:\ecommerce\backend\node_modules\cors\lib\index.js:199:9)
    at corsMiddleware (E:\ecommerce\backend\node_modules\cors\lib\index.js:204:7)
    at Layer.handleRequest (E:\ecommerce\backend\node_modules\router\lib\layer.js:152:17)
    at trimPrefix (E:\ecommerce\backend\node_modules\router\index.js:342:13)
    at E:\ecommerce\backend\node_modules\router\index.js:297:9
    at processParams (E:\ecommerce\backend\node_modules\router\index.js:582:12)
    at next (E:\ecommerce\backend\node_modules\router\index.js:291:5)
    at read (E:\ecommerce\backend\node_modules\body-parser\lib\read.js:53:5)
14-05-2026 11:13:56 | ERROR | Error | GET | /api/v1/product : CORS policy: origin not allowed 
Error: CORS policy: origin not allowed
    at origin (E:\ecommerce\backend\middlewares\cors.middleware.js:12:33)
    at E:\ecommerce\backend\node_modules\cors\lib\index.js:219:13
    at optionsCallback (E:\ecommerce\backend\node_modules\cors\lib\index.js:199:9)
    at corsMiddleware (E:\ecommerce\backend\node_modules\cors\lib\index.js:204:7)
    at Layer.handleRequest (E:\ecommerce\backend\node_modules\router\lib\layer.js:152:17)
    at trimPrefix (E:\ecommerce\backend\node_modules\router\index.js:342:13)
    at E:\ecommerce\backend\node_modules\router\index.js:297:9
    at processParams (E:\ecommerce\backend\node_modules\router\index.js:582:12)
    at next (E:\ecommerce\backend\node_modules\router\index.js:291:5)
    at read (E:\ecommerce\backend\node_modules\body-parser\lib\read.js:53:5)
14-05-2026 11:14:01 | ERROR | Error | GET | /api/v1/product : CORS policy: origin not allowed 
Error: CORS policy: origin not allowed
    at origin (E:\ecommerce\backend\middlewares\cors.middleware.js:12:33)
    at E:\ecommerce\backend\node_modules\cors\lib\index.js:219:13
    at optionsCallback (E:\ecommerce\backend\node_modules\cors\lib\index.js:199:9)
    at corsMiddleware (E:\ecommerce\backend\node_modules\cors\lib\index.js:204:7)
    at Layer.handleRequest (E:\ecommerce\backend\node_modules\router\lib\layer.js:152:17)
    at trimPrefix (E:\ecommerce\backend\node_modules\router\index.js:342:13)
    at E:\ecommerce\backend\node_modules\router\index.js:297:9
    at processParams (E:\ecommerce\backend\node_modules\router\index.js:582:12)
    at next (E:\ecommerce\backend\node_modules\router\index.js:291:5)
    at read (E:\ecommerce\backend\node_modules\body-parser\lib\read.js:53:5)
14-05-2026 11:14:10 | ERROR | Error | GET | /api/v1/product : CORS policy: origin not allowed 
Error: CORS policy: origin not allowed
    at origin (E:\ecommerce\backend\middlewares\cors.middleware.js:12:33)
    at E:\ecommerce\backend\node_modules\cors\lib\index.js:219:13
    at optionsCallback (E:\ecommerce\backend\node_modules\cors\lib\index.js:199:9)
    at corsMiddleware (E:\ecommerce\backend\node_modules\cors\lib\index.js:204:7)
    at Layer.handleRequest (E:\ecommerce\backend\node_modules\router\lib\layer.js:152:17)
    at trimPrefix (E:\ecommerce\backend\node_modules\router\index.js:342:13)
    at E:\ecommerce\backend\node_modules\router\index.js:297:9
    at processParams (E:\ecommerce\backend\node_modules\router\index.js:582:12)
    at next (E:\ecommerce\backend\node_modules\router\index.js:291:5)
    at read (E:\ecommerce\backend\node_modules\body-parser\lib\read.js:53:5)
14-05-2026 11:14:11 | ERROR | Error | GET | /api/v1/product : CORS policy: origin not allowed 
Error: CORS policy: origin not allowed
    at origin (E:\ecommerce\backend\middlewares\cors.middleware.js:12:33)
    at E:\ecommerce\backend\node_modules\cors\lib\index.js:219:13
    at optionsCallback (E:\ecommerce\backend\node_modules\cors\lib\index.js:199:9)
    at corsMiddleware (E:\ecommerce\backend\node_modules\cors\lib\index.js:204:7)
    at Layer.handleRequest (E:\ecommerce\backend\node_modules\router\lib\layer.js:152:17)
    at trimPrefix (E:\ecommerce\backend\node_modules\router\index.js:342:13)
    at E:\ecommerce\backend\node_modules\router\index.js:297:9
    at processParams (E:\ecommerce\backend\node_modules\router\index.js:582:12)
    at next (E:\ecommerce\backend\node_modules\router\index.js:291:5)
    at read (E:\ecommerce\backend\node_modules\body-parser\lib\read.js:53:5)
14-05-2026 11:14:16 | ERROR | Error | GET | /api/v1/product/4 : CORS policy: origin not allowed 
Error: CORS policy: origin not allowed
    at origin (E:\ecommerce\backend\middlewares\cors.middleware.js:12:33)
    at E:\ecommerce\backend\node_modules\cors\lib\index.js:219:13
    at optionsCallback (E:\ecommerce\backend\node_modules\cors\lib\index.js:199:9)
    at corsMiddleware (E:\ecommerce\backend\node_modules\cors\lib\index.js:204:7)
    at Layer.handleRequest (E:\ecommerce\backend\node_modules\router\lib\layer.js:152:17)
    at trimPrefix (E:\ecommerce\backend\node_modules\router\index.js:342:13)
    at E:\ecommerce\backend\node_modules\router\index.js:297:9
    at processParams (E:\ecommerce\backend\node_modules\router\index.js:582:12)
    at next (E:\ecommerce\backend\node_modules\router\index.js:291:5)
    at read (E:\ecommerce\backend\node_modules\body-parser\lib\read.js:53:5)
14-05-2026 11:14:19 | ERROR | Error | GET | /api/v1/product : CORS policy: origin not allowed 
Error: CORS policy: origin not allowed
    at origin (E:\ecommerce\backend\middlewares\cors.middleware.js:12:33)
    at E:\ecommerce\backend\node_modules\cors\lib\index.js:219:13
    at optionsCallback (E:\ecommerce\backend\node_modules\cors\lib\index.js:199:9)
    at corsMiddleware (E:\ecommerce\backend\node_modules\cors\lib\index.js:204:7)
    at Layer.handleRequest (E:\ecommerce\backend\node_modules\router\lib\layer.js:152:17)
    at trimPrefix (E:\ecommerce\backend\node_modules\router\index.js:342:13)
    at E:\ecommerce\backend\node_modules\router\index.js:297:9
    at processParams (E:\ecommerce\backend\node_modules\router\index.js:582:12)
    at next (E:\ecommerce\backend\node_modules\router\index.js:291:5)
    at read (E:\ecommerce\backend\node_modules\body-parser\lib\read.js:53:5)
14-05-2026 11:21:25 | ERROR | Error | GET | /api/v1/product : CORS policy: origin not allowed 
Error: CORS policy: origin not allowed
    at origin (E:\ecommerce\backend\middlewares\cors.middleware.js:12:33)
    at E:\ecommerce\backend\node_modules\cors\lib\index.js:219:13
    at optionsCallback (E:\ecommerce\backend\node_modules\cors\lib\index.js:199:9)
    at corsMiddleware (E:\ecommerce\backend\node_modules\cors\lib\index.js:204:7)
    at Layer.handleRequest (E:\ecommerce\backend\node_modules\router\lib\layer.js:152:17)
    at trimPrefix (E:\ecommerce\backend\node_modules\router\index.js:342:13)
    at E:\ecommerce\backend\node_modules\router\index.js:297:9
    at processParams (E:\ecommerce\backend\node_modules\router\index.js:582:12)
    at next (E:\ecommerce\backend\node_modules\router\index.js:291:5)
    at read (E:\ecommerce\backend\node_modules\body-parser\lib\read.js:53:5)
14-05-2026 11:22:05 | ERROR | Error | GET | /api/v1/product : CORS policy: origin not allowed 
Error: CORS policy: origin not allowed
    at origin (E:\ecommerce\backend\middlewares\cors.middleware.js:12:33)
    at E:\ecommerce\backend\node_modules\cors\lib\index.js:219:13
    at optionsCallback (E:\ecommerce\backend\node_modules\cors\lib\index.js:199:9)
    at corsMiddleware (E:\ecommerce\backend\node_modules\cors\lib\index.js:204:7)
    at Layer.handleRequest (E:\ecommerce\backend\node_modules\router\lib\layer.js:152:17)
    at trimPrefix (E:\ecommerce\backend\node_modules\router\index.js:342:13)
    at E:\ecommerce\backend\node_modules\router\index.js:297:9
    at processParams (E:\ecommerce\backend\node_modules\router\index.js:582:12)
    at next (E:\ecommerce\backend\node_modules\router\index.js:291:5)
    at read (E:\ecommerce\backend\node_modules\body-parser\lib\read.js:53:5)
14-05-2026 11:22:06 | ERROR | Error | GET | /api/v1/product : CORS policy: origin not allowed 
Error: CORS policy: origin not allowed
    at origin (E:\ecommerce\backend\middlewares\cors.middleware.js:12:33)
    at E:\ecommerce\backend\node_modules\cors\lib\index.js:219:13
    at optionsCallback (E:\ecommerce\backend\node_modules\cors\lib\index.js:199:9)
    at corsMiddleware (E:\ecommerce\backend\node_modules\cors\lib\index.js:204:7)
    at Layer.handleRequest (E:\ecommerce\backend\node_modules\router\lib\layer.js:152:17)
    at trimPrefix (E:\ecommerce\backend\node_modules\router\index.js:342:13)
    at E:\ecommerce\backend\node_modules\router\index.js:297:9
    at processParams (E:\ecommerce\backend\node_modules\router\index.js:582:12)
    at next (E:\ecommerce\backend\node_modules\router\index.js:291:5)
    at read (E:\ecommerce\backend\node_modules\body-parser\lib\read.js:53:5)
14-05-2026 11:22:08 | ERROR | Error | GET | /api/v1/product : CORS policy: origin not allowed 
Error: CORS policy: origin not allowed
    at origin (E:\ecommerce\backend\middlewares\cors.middleware.js:12:33)
    at E:\ecommerce\backend\node_modules\cors\lib\index.js:219:13
    at optionsCallback (E:\ecommerce\backend\node_modules\cors\lib\index.js:199:9)
    at corsMiddleware (E:\ecommerce\backend\node_modules\cors\lib\index.js:204:7)
    at Layer.handleRequest (E:\ecommerce\backend\node_modules\router\lib\layer.js:152:17)
    at trimPrefix (E:\ecommerce\backend\node_modules\router\index.js:342:13)
    at E:\ecommerce\backend\node_modules\router\index.js:297:9
    at processParams (E:\ecommerce\backend\node_modules\router\index.js:582:12)
    at next (E:\ecommerce\backend\node_modules\router\index.js:291:5)
    at read (E:\ecommerce\backend\node_modules\body-parser\lib\read.js:53:5)
14-05-2026 11:22:12 | ERROR | Error | GET | /api/v1/product : CORS policy: origin not allowed 
Error: CORS policy: origin not allowed
    at origin (E:\ecommerce\backend\middlewares\cors.middleware.js:12:33)
    at E:\ecommerce\backend\node_modules\cors\lib\index.js:219:13
    at optionsCallback (E:\ecommerce\backend\node_modules\cors\lib\index.js:199:9)
    at corsMiddleware (E:\ecommerce\backend\node_modules\cors\lib\index.js:204:7)
    at Layer.handleRequest (E:\ecommerce\backend\node_modules\router\lib\layer.js:152:17)
    at trimPrefix (E:\ecommerce\backend\node_modules\router\index.js:342:13)
    at E:\ecommerce\backend\node_modules\router\index.js:297:9
    at processParams (E:\ecommerce\backend\node_modules\router\index.js:582:12)
    at next (E:\ecommerce\backend\node_modules\router\index.js:291:5)
    at read (E:\ecommerce\backend\node_modules\body-parser\lib\read.js:53:5)
14-05-2026 11:22:19 | ERROR | Error | GET | /api/v1/product : CORS policy: origin not allowed 
Error: CORS policy: origin not allowed
    at origin (E:\ecommerce\backend\middlewares\cors.middleware.js:12:33)
    at E:\ecommerce\backend\node_modules\cors\lib\index.js:219:13
    at optionsCallback (E:\ecommerce\backend\node_modules\cors\lib\index.js:199:9)
    at corsMiddleware (E:\ecommerce\backend\node_modules\cors\lib\index.js:204:7)
    at Layer.handleRequest (E:\ecommerce\backend\node_modules\router\lib\layer.js:152:17)
    at trimPrefix (E:\ecommerce\backend\node_modules\router\index.js:342:13)
    at E:\ecommerce\backend\node_modules\router\index.js:297:9
    at processParams (E:\ecommerce\backend\node_modules\router\index.js:582:12)
    at next (E:\ecommerce\backend\node_modules\router\index.js:291:5)
    at read (E:\ecommerce\backend\node_modules\body-parser\lib\read.js:53:5)
14-05-2026 11:22:28 | ERROR | Error | GET | /api/v1/product : CORS policy: origin not allowed 
Error: CORS policy: origin not allowed
    at origin (E:\ecommerce\backend\middlewares\cors.middleware.js:12:33)
    at E:\ecommerce\backend\node_modules\cors\lib\index.js:219:13
    at optionsCallback (E:\ecommerce\backend\node_modules\cors\lib\index.js:199:9)
    at corsMiddleware (E:\ecommerce\backend\node_modules\cors\lib\index.js:204:7)
    at Layer.handleRequest (E:\ecommerce\backend\node_modules\router\lib\layer.js:152:17)
    at trimPrefix (E:\ecommerce\backend\node_modules\router\index.js:342:13)
    at E:\ecommerce\backend\node_modules\router\index.js:297:9
    at processParams (E:\ecommerce\backend\node_modules\router\index.js:582:12)
    at next (E:\ecommerce\backend\node_modules\router\index.js:291:5)
    at read (E:\ecommerce\backend\node_modules\body-parser\lib\read.js:53:5)
14-05-2026 11:26:03 | ERROR | Error | GET | /api/v1/product : CORS policy: origin not allowed 
Error: CORS policy: origin not allowed
    at origin (E:\ecommerce\backend\middlewares\cors.middleware.js:12:33)
    at E:\ecommerce\backend\node_modules\cors\lib\index.js:219:13
    at optionsCallback (E:\ecommerce\backend\node_modules\cors\lib\index.js:199:9)
    at corsMiddleware (E:\ecommerce\backend\node_modules\cors\lib\index.js:204:7)
    at Layer.handleRequest (E:\ecommerce\backend\node_modules\router\lib\layer.js:152:17)
    at trimPrefix (E:\ecommerce\backend\node_modules\router\index.js:342:13)
    at E:\ecommerce\backend\node_modules\router\index.js:297:9
    at processParams (E:\ecommerce\backend\node_modules\router\index.js:582:12)
    at next (E:\ecommerce\backend\node_modules\router\index.js:291:5)
    at read (E:\ecommerce\backend\node_modules\body-parser\lib\read.js:53:5)
14-05-2026 13:28:44 | ERROR | Error | GET | /api/v1/product : CORS policy: origin not allowed 
Error: CORS policy: origin not allowed
    at origin (E:\ecommerce\backend\middlewares\cors.middleware.js:12:33)
    at E:\ecommerce\backend\node_modules\cors\lib\index.js:219:13
    at optionsCallback (E:\ecommerce\backend\node_modules\cors\lib\index.js:199:9)
    at corsMiddleware (E:\ecommerce\backend\node_modules\cors\lib\index.js:204:7)
    at Layer.handleRequest (E:\ecommerce\backend\node_modules\router\lib\layer.js:152:17)
    at trimPrefix (E:\ecommerce\backend\node_modules\router\index.js:342:13)
    at E:\ecommerce\backend\node_modules\router\index.js:297:9
    at processParams (E:\ecommerce\backend\node_modules\router\index.js:582:12)
    at next (E:\ecommerce\backend\node_modules\router\index.js:291:5)
    at read (E:\ecommerce\backend\node_modules\body-parser\lib\read.js:53:5)
14-05-2026 13:41:56 | ERROR | Error | GET | /api/v1/product : CORS policy: origin not allowed 
Error: CORS policy: origin not allowed
    at origin (E:\ecommerce\backend\middlewares\cors.middleware.js:12:33)
    at E:\ecommerce\backend\node_modules\cors\lib\index.js:219:13
    at optionsCallback (E:\ecommerce\backend\node_modules\cors\lib\index.js:199:9)
    at corsMiddleware (E:\ecommerce\backend\node_modules\cors\lib\index.js:204:7)
    at Layer.handleRequest (E:\ecommerce\backend\node_modules\router\lib\layer.js:152:17)
    at trimPrefix (E:\ecommerce\backend\node_modules\router\index.js:342:13)
    at E:\ecommerce\backend\node_modules\router\index.js:297:9
    at processParams (E:\ecommerce\backend\node_modules\router\index.js:582:12)
    at next (E:\ecommerce\backend\node_modules\router\index.js:291:5)
    at read (E:\ecommerce\backend\node_modules\body-parser\lib\read.js:53:5)
14-05-2026 13:41:58 | ERROR | Error | GET | /api/v1/product : CORS policy: origin not allowed 
Error: CORS policy: origin not allowed
    at origin (E:\ecommerce\backend\middlewares\cors.middleware.js:12:33)
    at E:\ecommerce\backend\node_modules\cors\lib\index.js:219:13
    at optionsCallback (E:\ecommerce\backend\node_modules\cors\lib\index.js:199:9)
    at corsMiddleware (E:\ecommerce\backend\node_modules\cors\lib\index.js:204:7)
    at Layer.handleRequest (E:\ecommerce\backend\node_modules\router\lib\layer.js:152:17)
    at trimPrefix (E:\ecommerce\backend\node_modules\router\index.js:342:13)
    at E:\ecommerce\backend\node_modules\router\index.js:297:9
    at processParams (E:\ecommerce\backend\node_modules\router\index.js:582:12)
    at next (E:\ecommerce\backend\node_modules\router\index.js:291:5)
    at read (E:\ecommerce\backend\node_modules\body-parser\lib\read.js:53:5)
14-05-2026 13:41:59 | ERROR | Error | GET | /api/v1/product : CORS policy: origin not allowed 
Error: CORS policy: origin not allowed
    at origin (E:\ecommerce\backend\middlewares\cors.middleware.js:12:33)
    at E:\ecommerce\backend\node_modules\cors\lib\index.js:219:13
    at optionsCallback (E:\ecommerce\backend\node_modules\cors\lib\index.js:199:9)
    at corsMiddleware (E:\ecommerce\backend\node_modules\cors\lib\index.js:204:7)
    at Layer.handleRequest (E:\ecommerce\backend\node_modules\router\lib\layer.js:152:17)
    at trimPrefix (E:\ecommerce\backend\node_modules\router\index.js:342:13)
    at E:\ecommerce\backend\node_modules\router\index.js:297:9
    at processParams (E:\ecommerce\backend\node_modules\router\index.js:582:12)
    at next (E:\ecommerce\backend\node_modules\router\index.js:291:5)
    at read (E:\ecommerce\backend\node_modules\body-parser\lib\read.js:53:5)
14-05-2026 13:43:07 | ERROR | Error | GET | /api/v1/product : CORS policy: origin not allowed 
Error: CORS policy: origin not allowed
    at origin (E:\ecommerce\backend\middlewares\cors.middleware.js:12:33)
    at E:\ecommerce\backend\node_modules\cors\lib\index.js:219:13
    at optionsCallback (E:\ecommerce\backend\node_modules\cors\lib\index.js:199:9)
    at corsMiddleware (E:\ecommerce\backend\node_modules\cors\lib\index.js:204:7)
    at Layer.handleRequest (E:\ecommerce\backend\node_modules\router\lib\layer.js:152:17)
    at trimPrefix (E:\ecommerce\backend\node_modules\router\index.js:342:13)
    at E:\ecommerce\backend\node_modules\router\index.js:297:9
    at processParams (E:\ecommerce\backend\node_modules\router\index.js:582:12)
    at next (E:\ecommerce\backend\node_modules\router\index.js:291:5)
    at read (E:\ecommerce\backend\node_modules\body-parser\lib\read.js:53:5)
14-05-2026 13:43:07 | ERROR | Error | GET | /api/v1/product : CORS policy: origin not allowed 
Error: CORS policy: origin not allowed
    at origin (E:\ecommerce\backend\middlewares\cors.middleware.js:12:33)
    at E:\ecommerce\backend\node_modules\cors\lib\index.js:219:13
    at optionsCallback (E:\ecommerce\backend\node_modules\cors\lib\index.js:199:9)
    at corsMiddleware (E:\ecommerce\backend\node_modules\cors\lib\index.js:204:7)
    at Layer.handleRequest (E:\ecommerce\backend\node_modules\router\lib\layer.js:152:17)
    at trimPrefix (E:\ecommerce\backend\node_modules\router\index.js:342:13)
    at E:\ecommerce\backend\node_modules\router\index.js:297:9
    at processParams (E:\ecommerce\backend\node_modules\router\index.js:582:12)
    at next (E:\ecommerce\backend\node_modules\router\index.js:291:5)
    at read (E:\ecommerce\backend\node_modules\body-parser\lib\read.js:53:5)
14-05-2026 13:43:08 | ERROR | Error | GET | /api/v1/product : CORS policy: origin not allowed 
Error: CORS policy: origin not allowed
    at origin (E:\ecommerce\backend\middlewares\cors.middleware.js:12:33)
    at E:\ecommerce\backend\node_modules\cors\lib\index.js:219:13
    at optionsCallback (E:\ecommerce\backend\node_modules\cors\lib\index.js:199:9)
    at corsMiddleware (E:\ecommerce\backend\node_modules\cors\lib\index.js:204:7)
    at Layer.handleRequest (E:\ecommerce\backend\node_modules\router\lib\layer.js:152:17)
    at trimPrefix (E:\ecommerce\backend\node_modules\router\index.js:342:13)
    at E:\ecommerce\backend\node_modules\router\index.js:297:9
    at processParams (E:\ecommerce\backend\node_modules\router\index.js:582:12)
    at next (E:\ecommerce\backend\node_modules\router\index.js:291:5)
    at read (E:\ecommerce\backend\node_modules\body-parser\lib\read.js:53:5)
14-05-2026 13:56:36 | ERROR | Error | GET | /api/v1/product : CORS policy: origin not allowed 
Error: CORS policy: origin not allowed
    at origin (E:\ecommerce\backend\middlewares\cors.middleware.js:12:33)
    at E:\ecommerce\backend\node_modules\cors\lib\index.js:219:13
    at optionsCallback (E:\ecommerce\backend\node_modules\cors\lib\index.js:199:9)
    at corsMiddleware (E:\ecommerce\backend\node_modules\cors\lib\index.js:204:7)
    at Layer.handleRequest (E:\ecommerce\backend\node_modules\router\lib\layer.js:152:17)
    at trimPrefix (E:\ecommerce\backend\node_modules\router\index.js:342:13)
    at E:\ecommerce\backend\node_modules\router\index.js:297:9
    at processParams (E:\ecommerce\backend\node_modules\router\index.js:582:12)
    at next (E:\ecommerce\backend\node_modules\router\index.js:291:5)
    at read (E:\ecommerce\backend\node_modules\body-parser\lib\read.js:53:5)
14-05-2026 13:59:10 | ERROR | Error | GET | /api/v1/product : CORS policy: origin not allowed 
Error: CORS policy: origin not allowed
    at origin (E:\ecommerce\backend\middlewares\cors.middleware.js:12:33)
    at E:\ecommerce\backend\node_modules\cors\lib\index.js:219:13
    at optionsCallback (E:\ecommerce\backend\node_modules\cors\lib\index.js:199:9)
    at corsMiddleware (E:\ecommerce\backend\node_modules\cors\lib\index.js:204:7)
    at Layer.handleRequest (E:\ecommerce\backend\node_modules\router\lib\layer.js:152:17)
    at trimPrefix (E:\ecommerce\backend\node_modules\router\index.js:342:13)
    at E:\ecommerce\backend\node_modules\router\index.js:297:9
    at processParams (E:\ecommerce\backend\node_modules\router\index.js:582:12)
    at next (E:\ecommerce\backend\node_modules\router\index.js:291:5)
    at read (E:\ecommerce\backend\node_modules\body-parser\lib\read.js:53:5)
14-05-2026 13:59:25 | ERROR | Error | GET | /api/v1/testimonials : CORS policy: origin not allowed 
Error: CORS policy: origin not allowed
    at origin (E:\ecommerce\backend\middlewares\cors.middleware.js:12:33)
    at E:\ecommerce\backend\node_modules\cors\lib\index.js:219:13
    at optionsCallback (E:\ecommerce\backend\node_modules\cors\lib\index.js:199:9)
    at corsMiddleware (E:\ecommerce\backend\node_modules\cors\lib\index.js:204:7)
    at Layer.handleRequest (E:\ecommerce\backend\node_modules\router\lib\layer.js:152:17)
    at trimPrefix (E:\ecommerce\backend\node_modules\router\index.js:342:13)
    at E:\ecommerce\backend\node_modules\router\index.js:297:9
    at processParams (E:\ecommerce\backend\node_modules\router\index.js:582:12)
    at next (E:\ecommerce\backend\node_modules\router\index.js:291:5)
    at read (E:\ecommerce\backend\node_modules\body-parser\lib\read.js:53:5)
14-05-2026 13:59:50 | ERROR | Error | GET | /api/v1/product : CORS policy: origin not allowed 
Error: CORS policy: origin not allowed
    at origin (E:\ecommerce\backend\middlewares\cors.middleware.js:12:33)
    at E:\ecommerce\backend\node_modules\cors\lib\index.js:219:13
    at optionsCallback (E:\ecommerce\backend\node_modules\cors\lib\index.js:199:9)
    at corsMiddleware (E:\ecommerce\backend\node_modules\cors\lib\index.js:204:7)
    at Layer.handleRequest (E:\ecommerce\backend\node_modules\router\lib\layer.js:152:17)
    at trimPrefix (E:\ecommerce\backend\node_modules\router\index.js:342:13)
    at E:\ecommerce\backend\node_modules\router\index.js:297:9
    at processParams (E:\ecommerce\backend\node_modules\router\index.js:582:12)
    at next (E:\ecommerce\backend\node_modules\router\index.js:291:5)
    at read (E:\ecommerce\backend\node_modules\body-parser\lib\read.js:53:5)
14-05-2026 13:59:53 | ERROR | Error | GET | /api/v1/product : CORS policy: origin not allowed 
Error: CORS policy: origin not allowed
    at origin (E:\ecommerce\backend\middlewares\cors.middleware.js:12:33)
    at E:\ecommerce\backend\node_modules\cors\lib\index.js:219:13
    at optionsCallback (E:\ecommerce\backend\node_modules\cors\lib\index.js:199:9)
    at corsMiddleware (E:\ecommerce\backend\node_modules\cors\lib\index.js:204:7)
    at Layer.handleRequest (E:\ecommerce\backend\node_modules\router\lib\layer.js:152:17)
    at trimPrefix (E:\ecommerce\backend\node_modules\router\index.js:342:13)
    at E:\ecommerce\backend\node_modules\router\index.js:297:9
    at processParams (E:\ecommerce\backend\node_modules\router\index.js:582:12)
    at next (E:\ecommerce\backend\node_modules\router\index.js:291:5)
    at read (E:\ecommerce\backend\node_modules\body-parser\lib\read.js:53:5)
14-05-2026 13:59:56 | ERROR | Error | GET | /api/v1/product : CORS policy: origin not allowed 
Error: CORS policy: origin not allowed
    at origin (E:\ecommerce\backend\middlewares\cors.middleware.js:12:33)
    at E:\ecommerce\backend\node_modules\cors\lib\index.js:219:13
    at optionsCallback (E:\ecommerce\backend\node_modules\cors\lib\index.js:199:9)
    at corsMiddleware (E:\ecommerce\backend\node_modules\cors\lib\index.js:204:7)
    at Layer.handleRequest (E:\ecommerce\backend\node_modules\router\lib\layer.js:152:17)
    at trimPrefix (E:\ecommerce\backend\node_modules\router\index.js:342:13)
    at E:\ecommerce\backend\node_modules\router\index.js:297:9
    at processParams (E:\ecommerce\backend\node_modules\router\index.js:582:12)
    at next (E:\ecommerce\backend\node_modules\router\index.js:291:5)
    at read (E:\ecommerce\backend\node_modules\body-parser\lib\read.js:53:5)
14-05-2026 13:59:59 | ERROR | Error | GET | /api/v1/product : CORS policy: origin not allowed 
Error: CORS policy: origin not allowed
    at origin (E:\ecommerce\backend\middlewares\cors.middleware.js:12:33)
    at E:\ecommerce\backend\node_modules\cors\lib\index.js:219:13
    at optionsCallback (E:\ecommerce\backend\node_modules\cors\lib\index.js:199:9)
    at corsMiddleware (E:\ecommerce\backend\node_modules\cors\lib\index.js:204:7)
    at Layer.handleRequest (E:\ecommerce\backend\node_modules\router\lib\layer.js:152:17)
    at trimPrefix (E:\ecommerce\backend\node_modules\router\index.js:342:13)
    at E:\ecommerce\backend\node_modules\router\index.js:297:9
    at processParams (E:\ecommerce\backend\node_modules\router\index.js:582:12)
    at next (E:\ecommerce\backend\node_modules\router\index.js:291:5)
    at read (E:\ecommerce\backend\node_modules\body-parser\lib\read.js:53:5)
14-05-2026 14:00:09 | ERROR | Error | GET | /api/v1/testimonials : CORS policy: origin not allowed 
Error: CORS policy: origin not allowed
    at origin (E:\ecommerce\backend\middlewares\cors.middleware.js:12:33)
    at E:\ecommerce\backend\node_modules\cors\lib\index.js:219:13
    at optionsCallback (E:\ecommerce\backend\node_modules\cors\lib\index.js:199:9)
    at corsMiddleware (E:\ecommerce\backend\node_modules\cors\lib\index.js:204:7)
    at Layer.handleRequest (E:\ecommerce\backend\node_modules\router\lib\layer.js:152:17)
    at trimPrefix (E:\ecommerce\backend\node_modules\router\index.js:342:13)
    at E:\ecommerce\backend\node_modules\router\index.js:297:9
    at processParams (E:\ecommerce\backend\node_modules\router\index.js:582:12)
    at next (E:\ecommerce\backend\node_modules\router\index.js:291:5)
    at read (E:\ecommerce\backend\node_modules\body-parser\lib\read.js:53:5)
14-05-2026 14:03:31 | ERROR | Error | GET | /api/v1/testimonials : CORS policy: origin not allowed 
Error: CORS policy: origin not allowed
    at origin (E:\ecommerce\backend\middlewares\cors.middleware.js:12:33)
    at E:\ecommerce\backend\node_modules\cors\lib\index.js:219:13
    at optionsCallback (E:\ecommerce\backend\node_modules\cors\lib\index.js:199:9)
    at corsMiddleware (E:\ecommerce\backend\node_modules\cors\lib\index.js:204:7)
    at Layer.handleRequest (E:\ecommerce\backend\node_modules\router\lib\layer.js:152:17)
    at trimPrefix (E:\ecommerce\backend\node_modules\router\index.js:342:13)
    at E:\ecommerce\backend\node_modules\router\index.js:297:9
    at processParams (E:\ecommerce\backend\node_modules\router\index.js:582:12)
    at next (E:\ecommerce\backend\node_modules\router\index.js:291:5)
    at read (E:\ecommerce\backend\node_modules\body-parser\lib\read.js:53:5)
14-05-2026 14:06:18 | ERROR | Error | GET | /api/v1/testimonials : CORS policy: origin not allowed 
Error: CORS policy: origin not allowed
    at origin (E:\ecommerce\backend\middlewares\cors.middleware.js:12:33)
    at E:\ecommerce\backend\node_modules\cors\lib\index.js:219:13
    at optionsCallback (E:\ecommerce\backend\node_modules\cors\lib\index.js:199:9)
    at corsMiddleware (E:\ecommerce\backend\node_modules\cors\lib\index.js:204:7)
    at Layer.handleRequest (E:\ecommerce\backend\node_modules\router\lib\layer.js:152:17)
    at trimPrefix (E:\ecommerce\backend\node_modules\router\index.js:342:13)
    at E:\ecommerce\backend\node_modules\router\index.js:297:9
    at processParams (E:\ecommerce\backend\node_modules\router\index.js:582:12)
    at next (E:\ecommerce\backend\node_modules\router\index.js:291:5)
    at read (E:\ecommerce\backend\node_modules\body-parser\lib\read.js:53:5)
14-05-2026 14:06:28 | ERROR | Error | GET | /api/v1/product : CORS policy: origin not allowed 
Error: CORS policy: origin not allowed
    at origin (E:\ecommerce\backend\middlewares\cors.middleware.js:12:33)
    at E:\ecommerce\backend\node_modules\cors\lib\index.js:219:13
    at optionsCallback (E:\ecommerce\backend\node_modules\cors\lib\index.js:199:9)
    at corsMiddleware (E:\ecommerce\backend\node_modules\cors\lib\index.js:204:7)
    at Layer.handleRequest (E:\ecommerce\backend\node_modules\router\lib\layer.js:152:17)
    at trimPrefix (E:\ecommerce\backend\node_modules\router\index.js:342:13)
    at E:\ecommerce\backend\node_modules\router\index.js:297:9
    at processParams (E:\ecommerce\backend\node_modules\router\index.js:582:12)
    at next (E:\ecommerce\backend\node_modules\router\index.js:291:5)
    at read (E:\ecommerce\backend\node_modules\body-parser\lib\read.js:53:5)
14-05-2026 14:06:53 | ERROR | Error | GET | /api/v1/product : CORS policy: origin not allowed 
Error: CORS policy: origin not allowed
    at origin (E:\ecommerce\backend\middlewares\cors.middleware.js:12:33)
    at E:\ecommerce\backend\node_modules\cors\lib\index.js:219:13
    at optionsCallback (E:\ecommerce\backend\node_modules\cors\lib\index.js:199:9)
    at corsMiddleware (E:\ecommerce\backend\node_modules\cors\lib\index.js:204:7)
    at Layer.handleRequest (E:\ecommerce\backend\node_modules\router\lib\layer.js:152:17)
    at trimPrefix (E:\ecommerce\backend\node_modules\router\index.js:342:13)
    at E:\ecommerce\backend\node_modules\router\index.js:297:9
    at processParams (E:\ecommerce\backend\node_modules\router\index.js:582:12)
    at next (E:\ecommerce\backend\node_modules\router\index.js:291:5)
    at read (E:\ecommerce\backend\node_modules\body-parser\lib\read.js:53:5)
14-05-2026 14:18:21 | ERROR | Error | GET | /api/v1/admin/stats : CORS policy: origin not allowed 
Error: CORS policy: origin not allowed
    at origin (E:\ecommerce\backend\middlewares\cors.middleware.js:12:33)
    at E:\ecommerce\backend\node_modules\cors\lib\index.js:219:13
    at optionsCallback (E:\ecommerce\backend\node_modules\cors\lib\index.js:199:9)
    at corsMiddleware (E:\ecommerce\backend\node_modules\cors\lib\index.js:204:7)
    at Layer.handleRequest (E:\ecommerce\backend\node_modules\router\lib\layer.js:152:17)
    at trimPrefix (E:\ecommerce\backend\node_modules\router\index.js:342:13)
    at E:\ecommerce\backend\node_modules\router\index.js:297:9
    at processParams (E:\ecommerce\backend\node_modules\router\index.js:582:12)
    at next (E:\ecommerce\backend\node_modules\router\index.js:291:5)
    at read (E:\ecommerce\backend\node_modules\body-parser\lib\read.js:53:5)
14-05-2026 14:18:21 | ERROR | Error | GET | /api/v1/admin/orders : CORS policy: origin not allowed 
Error: CORS policy: origin not allowed
    at origin (E:\ecommerce\backend\middlewares\cors.middleware.js:12:33)
    at E:\ecommerce\backend\node_modules\cors\lib\index.js:219:13
    at optionsCallback (E:\ecommerce\backend\node_modules\cors\lib\index.js:199:9)
    at corsMiddleware (E:\ecommerce\backend\node_modules\cors\lib\index.js:204:7)
    at Layer.handleRequest (E:\ecommerce\backend\node_modules\router\lib\layer.js:152:17)
    at trimPrefix (E:\ecommerce\backend\node_modules\router\index.js:342:13)
    at E:\ecommerce\backend\node_modules\router\index.js:297:9
    at processParams (E:\ecommerce\backend\node_modules\router\index.js:582:12)
    at next (E:\ecommerce\backend\node_modules\router\index.js:291:5)
    at read (E:\ecommerce\backend\node_modules\body-parser\lib\read.js:53:5)
14-05-2026 14:18:21 | ERROR | Error | GET | /api/v1/admin/testimonials : CORS policy: origin not allowed 
Error: CORS policy: origin not allowed
    at origin (E:\ecommerce\backend\middlewares\cors.middleware.js:12:33)
    at E:\ecommerce\backend\node_modules\cors\lib\index.js:219:13
    at optionsCallback (E:\ecommerce\backend\node_modules\cors\lib\index.js:199:9)
    at corsMiddleware (E:\ecommerce\backend\node_modules\cors\lib\index.js:204:7)
    at Layer.handleRequest (E:\ecommerce\backend\node_modules\router\lib\layer.js:152:17)
    at trimPrefix (E:\ecommerce\backend\node_modules\router\index.js:342:13)
    at E:\ecommerce\backend\node_modules\router\index.js:297:9
    at processParams (E:\ecommerce\backend\node_modules\router\index.js:582:12)
    at next (E:\ecommerce\backend\node_modules\router\index.js:291:5)
    at read (E:\ecommerce\backend\node_modules\body-parser\lib\read.js:53:5)
14-05-2026 14:18:26 | ERROR | Error | GET | /api/v1/admin/stats : CORS policy: origin not allowed 
Error: CORS policy: origin not allowed
    at origin (E:\ecommerce\backend\middlewares\cors.middleware.js:12:33)
    at E:\ecommerce\backend\node_modules\cors\lib\index.js:219:13
    at optionsCallback (E:\ecommerce\backend\node_modules\cors\lib\index.js:199:9)
    at corsMiddleware (E:\ecommerce\backend\node_modules\cors\lib\index.js:204:7)
    at Layer.handleRequest (E:\ecommerce\backend\node_modules\router\lib\layer.js:152:17)
    at trimPrefix (E:\ecommerce\backend\node_modules\router\index.js:342:13)
    at E:\ecommerce\backend\node_modules\router\index.js:297:9
    at processParams (E:\ecommerce\backend\node_modules\router\index.js:582:12)
    at next (E:\ecommerce\backend\node_modules\router\index.js:291:5)
    at read (E:\ecommerce\backend\node_modules\body-parser\lib\read.js:53:5)
14-05-2026 14:18:26 | ERROR | Error | GET | /api/v1/admin/orders : CORS policy: origin not allowed 
Error: CORS policy: origin not allowed
    at origin (E:\ecommerce\backend\middlewares\cors.middleware.js:12:33)
    at E:\ecommerce\backend\node_modules\cors\lib\index.js:219:13
    at optionsCallback (E:\ecommerce\backend\node_modules\cors\lib\index.js:199:9)
    at corsMiddleware (E:\ecommerce\backend\node_modules\cors\lib\index.js:204:7)
    at Layer.handleRequest (E:\ecommerce\backend\node_modules\router\lib\layer.js:152:17)
    at trimPrefix (E:\ecommerce\backend\node_modules\router\index.js:342:13)
    at E:\ecommerce\backend\node_modules\router\index.js:297:9
    at processParams (E:\ecommerce\backend\node_modules\router\index.js:582:12)
    at next (E:\ecommerce\backend\node_modules\router\index.js:291:5)
    at read (E:\ecommerce\backend\node_modules\body-parser\lib\read.js:53:5)
14-05-2026 14:18:26 | ERROR | Error | GET | /api/v1/admin/testimonials : CORS policy: origin not allowed 
Error: CORS policy: origin not allowed
    at origin (E:\ecommerce\backend\middlewares\cors.middleware.js:12:33)
    at E:\ecommerce\backend\node_modules\cors\lib\index.js:219:13
    at optionsCallback (E:\ecommerce\backend\node_modules\cors\lib\index.js:199:9)
    at corsMiddleware (E:\ecommerce\backend\node_modules\cors\lib\index.js:204:7)
    at Layer.handleRequest (E:\ecommerce\backend\node_modules\router\lib\layer.js:152:17)
    at trimPrefix (E:\ecommerce\backend\node_modules\router\index.js:342:13)
    at E:\ecommerce\backend\node_modules\router\index.js:297:9
    at processParams (E:\ecommerce\backend\node_modules\router\index.js:582:12)
    at next (E:\ecommerce\backend\node_modules\router\index.js:291:5)
    at read (E:\ecommerce\backend\node_modules\body-parser\lib\read.js:53:5)
14-05-2026 14:18:27 | ERROR | Error | GET | /api/v1/product : CORS policy: origin not allowed 
Error: CORS policy: origin not allowed
    at origin (E:\ecommerce\backend\middlewares\cors.middleware.js:12:33)
    at E:\ecommerce\backend\node_modules\cors\lib\index.js:219:13
    at optionsCallback (E:\ecommerce\backend\node_modules\cors\lib\index.js:199:9)
    at corsMiddleware (E:\ecommerce\backend\node_modules\cors\lib\index.js:204:7)
    at Layer.handleRequest (E:\ecommerce\backend\node_modules\router\lib\layer.js:152:17)
    at trimPrefix (E:\ecommerce\backend\node_modules\router\index.js:342:13)
    at E:\ecommerce\backend\node_modules\router\index.js:297:9
    at processParams (E:\ecommerce\backend\node_modules\router\index.js:582:12)
    at next (E:\ecommerce\backend\node_modules\router\index.js:291:5)
    at read (E:\ecommerce\backend\node_modules\body-parser\lib\read.js:53:5)
14-05-2026 14:18:29 | ERROR | Error | GET | /api/v1/admin/stats : CORS policy: origin not allowed 
Error: CORS policy: origin not allowed
    at origin (E:\ecommerce\backend\middlewares\cors.middleware.js:12:33)
    at E:\ecommerce\backend\node_modules\cors\lib\index.js:219:13
    at optionsCallback (E:\ecommerce\backend\node_modules\cors\lib\index.js:199:9)
    at corsMiddleware (E:\ecommerce\backend\node_modules\cors\lib\index.js:204:7)
    at Layer.handleRequest (E:\ecommerce\backend\node_modules\router\lib\layer.js:152:17)
    at trimPrefix (E:\ecommerce\backend\node_modules\router\index.js:342:13)
    at E:\ecommerce\backend\node_modules\router\index.js:297:9
    at processParams (E:\ecommerce\backend\node_modules\router\index.js:582:12)
    at next (E:\ecommerce\backend\node_modules\router\index.js:291:5)
    at read (E:\ecommerce\backend\node_modules\body-parser\lib\read.js:53:5)
14-05-2026 14:18:29 | ERROR | Error | GET | /api/v1/admin/orders : CORS policy: origin not allowed 
Error: CORS policy: origin not allowed
    at origin (E:\ecommerce\backend\middlewares\cors.middleware.js:12:33)
    at E:\ecommerce\backend\node_modules\cors\lib\index.js:219:13
    at optionsCallback (E:\ecommerce\backend\node_modules\cors\lib\index.js:199:9)
    at corsMiddleware (E:\ecommerce\backend\node_modules\cors\lib\index.js:204:7)
    at Layer.handleRequest (E:\ecommerce\backend\node_modules\router\lib\layer.js:152:17)
    at trimPrefix (E:\ecommerce\backend\node_modules\router\index.js:342:13)
    at E:\ecommerce\backend\node_modules\router\index.js:297:9
    at processParams (E:\ecommerce\backend\node_modules\router\index.js:582:12)
    at next (E:\ecommerce\backend\node_modules\router\index.js:291:5)
    at read (E:\ecommerce\backend\node_modules\body-parser\lib\read.js:53:5)
14-05-2026 14:18:29 | ERROR | Error | GET | /api/v1/admin/testimonials : CORS policy: origin not allowed 
Error: CORS policy: origin not allowed
    at origin (E:\ecommerce\backend\middlewares\cors.middleware.js:12:33)
    at E:\ecommerce\backend\node_modules\cors\lib\index.js:219:13
    at optionsCallback (E:\ecommerce\backend\node_modules\cors\lib\index.js:199:9)
    at corsMiddleware (E:\ecommerce\backend\node_modules\cors\lib\index.js:204:7)
    at Layer.handleRequest (E:\ecommerce\backend\node_modules\router\lib\layer.js:152:17)
    at trimPrefix (E:\ecommerce\backend\node_modules\router\index.js:342:13)
    at E:\ecommerce\backend\node_modules\router\index.js:297:9
    at processParams (E:\ecommerce\backend\node_modules\router\index.js:582:12)
    at next (E:\ecommerce\backend\node_modules\router\index.js:291:5)
    at read (E:\ecommerce\backend\node_modules\body-parser\lib\read.js:53:5)
14-05-2026 14:18:31 | ERROR | Error | GET | /api/v1/product : CORS policy: origin not allowed 
Error: CORS policy: origin not allowed
    at origin (E:\ecommerce\backend\middlewares\cors.middleware.js:12:33)
    at E:\ecommerce\backend\node_modules\cors\lib\index.js:219:13
    at optionsCallback (E:\ecommerce\backend\node_modules\cors\lib\index.js:199:9)
    at corsMiddleware (E:\ecommerce\backend\node_modules\cors\lib\index.js:204:7)
    at Layer.handleRequest (E:\ecommerce\backend\node_modules\router\lib\layer.js:152:17)
    at trimPrefix (E:\ecommerce\backend\node_modules\router\index.js:342:13)
    at E:\ecommerce\backend\node_modules\router\index.js:297:9
    at processParams (E:\ecommerce\backend\node_modules\router\index.js:582:12)
    at next (E:\ecommerce\backend\node_modules\router\index.js:291:5)
    at read (E:\ecommerce\backend\node_modules\body-parser\lib\read.js:53:5)
14-05-2026 14:18:33 | ERROR | Error | GET | /api/v1/admin/stats : CORS policy: origin not allowed 
Error: CORS policy: origin not allowed
    at origin (E:\ecommerce\backend\middlewares\cors.middleware.js:12:33)
    at E:\ecommerce\backend\node_modules\cors\lib\index.js:219:13
    at optionsCallback (E:\ecommerce\backend\node_modules\cors\lib\index.js:199:9)
    at corsMiddleware (E:\ecommerce\backend\node_modules\cors\lib\index.js:204:7)
    at Layer.handleRequest (E:\ecommerce\backend\node_modules\router\lib\layer.js:152:17)
    at trimPrefix (E:\ecommerce\backend\node_modules\router\index.js:342:13)
    at E:\ecommerce\backend\node_modules\router\index.js:297:9
    at processParams (E:\ecommerce\backend\node_modules\router\index.js:582:12)
    at next (E:\ecommerce\backend\node_modules\router\index.js:291:5)
    at read (E:\ecommerce\backend\node_modules\body-parser\lib\read.js:53:5)
14-05-2026 14:18:33 | ERROR | Error | GET | /api/v1/admin/orders : CORS policy: origin not allowed 
Error: CORS policy: origin not allowed
    at origin (E:\ecommerce\backend\middlewares\cors.middleware.js:12:33)
    at E:\ecommerce\backend\node_modules\cors\lib\index.js:219:13
    at optionsCallback (E:\ecommerce\backend\node_modules\cors\lib\index.js:199:9)
    at corsMiddleware (E:\ecommerce\backend\node_modules\cors\lib\index.js:204:7)
    at Layer.handleRequest (E:\ecommerce\backend\node_modules\router\lib\layer.js:152:17)
    at trimPrefix (E:\ecommerce\backend\node_modules\router\index.js:342:13)
    at E:\ecommerce\backend\node_modules\router\index.js:297:9
    at processParams (E:\ecommerce\backend\node_modules\router\index.js:582:12)
    at next (E:\ecommerce\backend\node_modules\router\index.js:291:5)
    at read (E:\ecommerce\backend\node_modules\body-parser\lib\read.js:53:5)
14-05-2026 14:18:33 | ERROR | Error | GET | /api/v1/admin/testimonials : CORS policy: origin not allowed 
Error: CORS policy: origin not allowed
    at origin (E:\ecommerce\backend\middlewares\cors.middleware.js:12:33)
    at E:\ecommerce\backend\node_modules\cors\lib\index.js:219:13
    at optionsCallback (E:\ecommerce\backend\node_modules\cors\lib\index.js:199:9)
    at corsMiddleware (E:\ecommerce\backend\node_modules\cors\lib\index.js:204:7)
    at Layer.handleRequest (E:\ecommerce\backend\node_modules\router\lib\layer.js:152:17)
    at trimPrefix (E:\ecommerce\backend\node_modules\router\index.js:342:13)
    at E:\ecommerce\backend\node_modules\router\index.js:297:9
    at processParams (E:\ecommerce\backend\node_modules\router\index.js:582:12)
    at next (E:\ecommerce\backend\node_modules\router\index.js:291:5)
    at read (E:\ecommerce\backend\node_modules\body-parser\lib\read.js:53:5)
14-05-2026 14:18:34 | ERROR | Error | GET | /api/v1/product : CORS policy: origin not allowed 
Error: CORS policy: origin not allowed
    at origin (E:\ecommerce\backend\middlewares\cors.middleware.js:12:33)
    at E:\ecommerce\backend\node_modules\cors\lib\index.js:219:13
    at optionsCallback (E:\ecommerce\backend\node_modules\cors\lib\index.js:199:9)
    at corsMiddleware (E:\ecommerce\backend\node_modules\cors\lib\index.js:204:7)
    at Layer.handleRequest (E:\ecommerce\backend\node_modules\router\lib\layer.js:152:17)
    at trimPrefix (E:\ecommerce\backend\node_modules\router\index.js:342:13)
    at E:\ecommerce\backend\node_modules\router\index.js:297:9
    at processParams (E:\ecommerce\backend\node_modules\router\index.js:582:12)
    at next (E:\ecommerce\backend\node_modules\router\index.js:291:5)
    at read (E:\ecommerce\backend\node_modules\body-parser\lib\read.js:53:5)
14-05-2026 14:18:36 | ERROR | Error | GET | /api/v1/admin/stats : CORS policy: origin not allowed 
Error: CORS policy: origin not allowed
    at origin (E:\ecommerce\backend\middlewares\cors.middleware.js:12:33)
    at E:\ecommerce\backend\node_modules\cors\lib\index.js:219:13
    at optionsCallback (E:\ecommerce\backend\node_modules\cors\lib\index.js:199:9)
    at corsMiddleware (E:\ecommerce\backend\node_modules\cors\lib\index.js:204:7)
    at Layer.handleRequest (E:\ecommerce\backend\node_modules\router\lib\layer.js:152:17)
    at trimPrefix (E:\ecommerce\backend\node_modules\router\index.js:342:13)
    at E:\ecommerce\backend\node_modules\router\index.js:297:9
    at processParams (E:\ecommerce\backend\node_modules\router\index.js:582:12)
    at next (E:\ecommerce\backend\node_modules\router\index.js:291:5)
    at read (E:\ecommerce\backend\node_modules\body-parser\lib\read.js:53:5)
14-05-2026 14:18:36 | ERROR | Error | GET | /api/v1/admin/orders : CORS policy: origin not allowed 
Error: CORS policy: origin not allowed
    at origin (E:\ecommerce\backend\middlewares\cors.middleware.js:12:33)
    at E:\ecommerce\backend\node_modules\cors\lib\index.js:219:13
    at optionsCallback (E:\ecommerce\backend\node_modules\cors\lib\index.js:199:9)
    at corsMiddleware (E:\ecommerce\backend\node_modules\cors\lib\index.js:204:7)
    at Layer.handleRequest (E:\ecommerce\backend\node_modules\router\lib\layer.js:152:17)
    at trimPrefix (E:\ecommerce\backend\node_modules\router\index.js:342:13)
    at E:\ecommerce\backend\node_modules\router\index.js:297:9
    at processParams (E:\ecommerce\backend\node_modules\router\index.js:582:12)
    at next (E:\ecommerce\backend\node_modules\router\index.js:291:5)
    at read (E:\ecommerce\backend\node_modules\body-parser\lib\read.js:53:5)
14-05-2026 14:18:36 | ERROR | Error | GET | /api/v1/admin/testimonials : CORS policy: origin not allowed 
Error: CORS policy: origin not allowed
    at origin (E:\ecommerce\backend\middlewares\cors.middleware.js:12:33)
    at E:\ecommerce\backend\node_modules\cors\lib\index.js:219:13
    at optionsCallback (E:\ecommerce\backend\node_modules\cors\lib\index.js:199:9)
    at corsMiddleware (E:\ecommerce\backend\node_modules\cors\lib\index.js:204:7)
    at Layer.handleRequest (E:\ecommerce\backend\node_modules\router\lib\layer.js:152:17)
    at trimPrefix (E:\ecommerce\backend\node_modules\router\index.js:342:13)
    at E:\ecommerce\backend\node_modules\router\index.js:297:9
    at processParams (E:\ecommerce\backend\node_modules\router\index.js:582:12)
    at next (E:\ecommerce\backend\node_modules\router\index.js:291:5)
    at read (E:\ecommerce\backend\node_modules\body-parser\lib\read.js:53:5)
14-05-2026 14:18:37 | ERROR | Error | GET | /api/v1/product : CORS policy: origin not allowed 
Error: CORS policy: origin not allowed
    at origin (E:\ecommerce\backend\middlewares\cors.middleware.js:12:33)
    at E:\ecommerce\backend\node_modules\cors\lib\index.js:219:13
    at optionsCallback (E:\ecommerce\backend\node_modules\cors\lib\index.js:199:9)
    at corsMiddleware (E:\ecommerce\backend\node_modules\cors\lib\index.js:204:7)
    at Layer.handleRequest (E:\ecommerce\backend\node_modules\router\lib\layer.js:152:17)
    at trimPrefix (E:\ecommerce\backend\node_modules\router\index.js:342:13)
    at E:\ecommerce\backend\node_modules\router\index.js:297:9
    at processParams (E:\ecommerce\backend\node_modules\router\index.js:582:12)
    at next (E:\ecommerce\backend\node_modules\router\index.js:291:5)
    at read (E:\ecommerce\backend\node_modules\body-parser\lib\read.js:53:5)
14-05-2026 14:18:40 | ERROR | Error | GET | /api/v1/admin/stats : CORS policy: origin not allowed 
Error: CORS policy: origin not allowed
    at origin (E:\ecommerce\backend\middlewares\cors.middleware.js:12:33)
    at E:\ecommerce\backend\node_modules\cors\lib\index.js:219:13
    at optionsCallback (E:\ecommerce\backend\node_modules\cors\lib\index.js:199:9)
    at corsMiddleware (E:\ecommerce\backend\node_modules\cors\lib\index.js:204:7)
    at Layer.handleRequest (E:\ecommerce\backend\node_modules\router\lib\layer.js:152:17)
    at trimPrefix (E:\ecommerce\backend\node_modules\router\index.js:342:13)
    at E:\ecommerce\backend\node_modules\router\index.js:297:9
    at processParams (E:\ecommerce\backend\node_modules\router\index.js:582:12)
    at next (E:\ecommerce\backend\node_modules\router\index.js:291:5)
    at read (E:\ecommerce\backend\node_modules\body-parser\lib\read.js:53:5)
14-05-2026 14:18:40 | ERROR | Error | GET | /api/v1/admin/orders : CORS policy: origin not allowed 
Error: CORS policy: origin not allowed
    at origin (E:\ecommerce\backend\middlewares\cors.middleware.js:12:33)
    at E:\ecommerce\backend\node_modules\cors\lib\index.js:219:13
    at optionsCallback (E:\ecommerce\backend\node_modules\cors\lib\index.js:199:9)
    at corsMiddleware (E:\ecommerce\backend\node_modules\cors\lib\index.js:204:7)
    at Layer.handleRequest (E:\ecommerce\backend\node_modules\router\lib\layer.js:152:17)
    at trimPrefix (E:\ecommerce\backend\node_modules\router\index.js:342:13)
    at E:\ecommerce\backend\node_modules\router\index.js:297:9
    at processParams (E:\ecommerce\backend\node_modules\router\index.js:582:12)
    at next (E:\ecommerce\backend\node_modules\router\index.js:291:5)
    at read (E:\ecommerce\backend\node_modules\body-parser\lib\read.js:53:5)
14-05-2026 14:18:40 | ERROR | Error | GET | /api/v1/admin/testimonials : CORS policy: origin not allowed 
Error: CORS policy: origin not allowed
    at origin (E:\ecommerce\backend\middlewares\cors.middleware.js:12:33)
    at E:\ecommerce\backend\node_modules\cors\lib\index.js:219:13
    at optionsCallback (E:\ecommerce\backend\node_modules\cors\lib\index.js:199:9)
    at corsMiddleware (E:\ecommerce\backend\node_modules\cors\lib\index.js:204:7)
    at Layer.handleRequest (E:\ecommerce\backend\node_modules\router\lib\layer.js:152:17)
    at trimPrefix (E:\ecommerce\backend\node_modules\router\index.js:342:13)
    at E:\ecommerce\backend\node_modules\router\index.js:297:9
    at processParams (E:\ecommerce\backend\node_modules\router\index.js:582:12)
    at next (E:\ecommerce\backend\node_modules\router\index.js:291:5)
    at read (E:\ecommerce\backend\node_modules\body-parser\lib\read.js:53:5)
14-05-2026 14:18:46 | ERROR | Error | GET | /api/v1/product : CORS policy: origin not allowed 
Error: CORS policy: origin not allowed
    at origin (E:\ecommerce\backend\middlewares\cors.middleware.js:12:33)
    at E:\ecommerce\backend\node_modules\cors\lib\index.js:219:13
    at optionsCallback (E:\ecommerce\backend\node_modules\cors\lib\index.js:199:9)
    at corsMiddleware (E:\ecommerce\backend\node_modules\cors\lib\index.js:204:7)
    at Layer.handleRequest (E:\ecommerce\backend\node_modules\router\lib\layer.js:152:17)
    at trimPrefix (E:\ecommerce\backend\node_modules\router\index.js:342:13)
    at E:\ecommerce\backend\node_modules\router\index.js:297:9
    at processParams (E:\ecommerce\backend\node_modules\router\index.js:582:12)
    at next (E:\ecommerce\backend\node_modules\router\index.js:291:5)
    at read (E:\ecommerce\backend\node_modules\body-parser\lib\read.js:53:5)
14-05-2026 14:19:45 | ERROR | Error | GET | /api/v1/product : CORS policy: origin not allowed 
Error: CORS policy: origin not allowed
    at origin (E:\ecommerce\backend\middlewares\cors.middleware.js:12:33)
    at E:\ecommerce\backend\node_modules\cors\lib\index.js:219:13
    at optionsCallback (E:\ecommerce\backend\node_modules\cors\lib\index.js:199:9)
    at corsMiddleware (E:\ecommerce\backend\node_modules\cors\lib\index.js:204:7)
    at Layer.handleRequest (E:\ecommerce\backend\node_modules\router\lib\layer.js:152:17)
    at trimPrefix (E:\ecommerce\backend\node_modules\router\index.js:342:13)
    at E:\ecommerce\backend\node_modules\router\index.js:297:9
    at processParams (E:\ecommerce\backend\node_modules\router\index.js:582:12)
    at next (E:\ecommerce\backend\node_modules\router\index.js:291:5)
    at read (E:\ecommerce\backend\node_modules\body-parser\lib\read.js:53:5)
14-05-2026 14:27:07 | ERROR | Error | GET | /api/v1/product : CORS policy: origin not allowed 
Error: CORS policy: origin not allowed
    at origin (E:\ecommerce\backend\middlewares\cors.middleware.js:12:33)
    at E:\ecommerce\backend\node_modules\cors\lib\index.js:219:13
    at optionsCallback (E:\ecommerce\backend\node_modules\cors\lib\index.js:199:9)
    at corsMiddleware (E:\ecommerce\backend\node_modules\cors\lib\index.js:204:7)
    at Layer.handleRequest (E:\ecommerce\backend\node_modules\router\lib\layer.js:152:17)
    at trimPrefix (E:\ecommerce\backend\node_modules\router\index.js:342:13)
    at E:\ecommerce\backend\node_modules\router\index.js:297:9
    at processParams (E:\ecommerce\backend\node_modules\router\index.js:582:12)
    at next (E:\ecommerce\backend\node_modules\router\index.js:291:5)
    at read (E:\ecommerce\backend\node_modules\body-parser\lib\read.js:53:5)
14-05-2026 14:27:09 | ERROR | Error | GET | /api/v1/product : CORS policy: origin not allowed 
Error: CORS policy: origin not allowed
    at origin (E:\ecommerce\backend\middlewares\cors.middleware.js:12:33)
    at E:\ecommerce\backend\node_modules\cors\lib\index.js:219:13
    at optionsCallback (E:\ecommerce\backend\node_modules\cors\lib\index.js:199:9)
    at corsMiddleware (E:\ecommerce\backend\node_modules\cors\lib\index.js:204:7)
    at Layer.handleRequest (E:\ecommerce\backend\node_modules\router\lib\layer.js:152:17)
    at trimPrefix (E:\ecommerce\backend\node_modules\router\index.js:342:13)
    at E:\ecommerce\backend\node_modules\router\index.js:297:9
    at processParams (E:\ecommerce\backend\node_modules\router\index.js:582:12)
    at next (E:\ecommerce\backend\node_modules\router\index.js:291:5)
    at read (E:\ecommerce\backend\node_modules\body-parser\lib\read.js:53:5)
14-05-2026 14:27:12 | ERROR | Error | GET | /api/v1/product : CORS policy: origin not allowed 
Error: CORS policy: origin not allowed
    at origin (E:\ecommerce\backend\middlewares\cors.middleware.js:12:33)
    at E:\ecommerce\backend\node_modules\cors\lib\index.js:219:13
    at optionsCallback (E:\ecommerce\backend\node_modules\cors\lib\index.js:199:9)
    at corsMiddleware (E:\ecommerce\backend\node_modules\cors\lib\index.js:204:7)
    at Layer.handleRequest (E:\ecommerce\backend\node_modules\router\lib\layer.js:152:17)
    at trimPrefix (E:\ecommerce\backend\node_modules\router\index.js:342:13)
    at E:\ecommerce\backend\node_modules\router\index.js:297:9
    at processParams (E:\ecommerce\backend\node_modules\router\index.js:582:12)
    at next (E:\ecommerce\backend\node_modules\router\index.js:291:5)
    at read (E:\ecommerce\backend\node_modules\body-parser\lib\read.js:53:5)
14-05-2026 14:27:13 | ERROR | Error | GET | /api/v1/product : CORS policy: origin not allowed 
Error: CORS policy: origin not allowed
    at origin (E:\ecommerce\backend\middlewares\cors.middleware.js:12:33)
    at E:\ecommerce\backend\node_modules\cors\lib\index.js:219:13
    at optionsCallback (E:\ecommerce\backend\node_modules\cors\lib\index.js:199:9)
    at corsMiddleware (E:\ecommerce\backend\node_modules\cors\lib\index.js:204:7)
    at Layer.handleRequest (E:\ecommerce\backend\node_modules\router\lib\layer.js:152:17)
    at trimPrefix (E:\ecommerce\backend\node_modules\router\index.js:342:13)
    at E:\ecommerce\backend\node_modules\router\index.js:297:9
    at processParams (E:\ecommerce\backend\node_modules\router\index.js:582:12)
    at next (E:\ecommerce\backend\node_modules\router\index.js:291:5)
    at read (E:\ecommerce\backend\node_modules\body-parser\lib\read.js:53:5)
14-05-2026 14:27:15 | ERROR | Error | GET | /api/v1/product : CORS policy: origin not allowed 
Error: CORS policy: origin not allowed
    at origin (E:\ecommerce\backend\middlewares\cors.middleware.js:12:33)
    at E:\ecommerce\backend\node_modules\cors\lib\index.js:219:13
    at optionsCallback (E:\ecommerce\backend\node_modules\cors\lib\index.js:199:9)
    at corsMiddleware (E:\ecommerce\backend\node_modules\cors\lib\index.js:204:7)
    at Layer.handleRequest (E:\ecommerce\backend\node_modules\router\lib\layer.js:152:17)
    at trimPrefix (E:\ecommerce\backend\node_modules\router\index.js:342:13)
    at E:\ecommerce\backend\node_modules\router\index.js:297:9
    at processParams (E:\ecommerce\backend\node_modules\router\index.js:582:12)
    at next (E:\ecommerce\backend\node_modules\router\index.js:291:5)
    at read (E:\ecommerce\backend\node_modules\body-parser\lib\read.js:53:5)
14-05-2026 14:27:16 | ERROR | Error | GET | /api/v1/product : CORS policy: origin not allowed 
Error: CORS policy: origin not allowed
    at origin (E:\ecommerce\backend\middlewares\cors.middleware.js:12:33)
    at E:\ecommerce\backend\node_modules\cors\lib\index.js:219:13
    at optionsCallback (E:\ecommerce\backend\node_modules\cors\lib\index.js:199:9)
    at corsMiddleware (E:\ecommerce\backend\node_modules\cors\lib\index.js:204:7)
    at Layer.handleRequest (E:\ecommerce\backend\node_modules\router\lib\layer.js:152:17)
    at trimPrefix (E:\ecommerce\backend\node_modules\router\index.js:342:13)
    at E:\ecommerce\backend\node_modules\router\index.js:297:9
    at processParams (E:\ecommerce\backend\node_modules\router\index.js:582:12)
    at next (E:\ecommerce\backend\node_modules\router\index.js:291:5)
    at read (E:\ecommerce\backend\node_modules\body-parser\lib\read.js:53:5)
14-05-2026 14:27:19 | ERROR | Error | GET | /api/v1/product : CORS policy: origin not allowed 
Error: CORS policy: origin not allowed
    at origin (E:\ecommerce\backend\middlewares\cors.middleware.js:12:33)
    at E:\ecommerce\backend\node_modules\cors\lib\index.js:219:13
    at optionsCallback (E:\ecommerce\backend\node_modules\cors\lib\index.js:199:9)
    at corsMiddleware (E:\ecommerce\backend\node_modules\cors\lib\index.js:204:7)
    at Layer.handleRequest (E:\ecommerce\backend\node_modules\router\lib\layer.js:152:17)
    at trimPrefix (E:\ecommerce\backend\node_modules\router\index.js:342:13)
    at E:\ecommerce\backend\node_modules\router\index.js:297:9
    at processParams (E:\ecommerce\backend\node_modules\router\index.js:582:12)
    at next (E:\ecommerce\backend\node_modules\router\index.js:291:5)
    at read (E:\ecommerce\backend\node_modules\body-parser\lib\read.js:53:5)
14-05-2026 14:27:34 | ERROR | Error | GET | /api/v1/product : CORS policy: origin not allowed 
Error: CORS policy: origin not allowed
    at origin (E:\ecommerce\backend\middlewares\cors.middleware.js:12:33)
    at E:\ecommerce\backend\node_modules\cors\lib\index.js:219:13
    at optionsCallback (E:\ecommerce\backend\node_modules\cors\lib\index.js:199:9)
    at corsMiddleware (E:\ecommerce\backend\node_modules\cors\lib\index.js:204:7)
    at Layer.handleRequest (E:\ecommerce\backend\node_modules\router\lib\layer.js:152:17)
    at trimPrefix (E:\ecommerce\backend\node_modules\router\index.js:342:13)
    at E:\ecommerce\backend\node_modules\router\index.js:297:9
    at processParams (E:\ecommerce\backend\node_modules\router\index.js:582:12)
    at next (E:\ecommerce\backend\node_modules\router\index.js:291:5)
    at read (E:\ecommerce\backend\node_modules\body-parser\lib\read.js:53:5)
14-05-2026 14:27:35 | ERROR | Error | GET | /api/v1/product : CORS policy: origin not allowed 
Error: CORS policy: origin not allowed
    at origin (E:\ecommerce\backend\middlewares\cors.middleware.js:12:33)
    at E:\ecommerce\backend\node_modules\cors\lib\index.js:219:13
    at optionsCallback (E:\ecommerce\backend\node_modules\cors\lib\index.js:199:9)
    at corsMiddleware (E:\ecommerce\backend\node_modules\cors\lib\index.js:204:7)
    at Layer.handleRequest (E:\ecommerce\backend\node_modules\router\lib\layer.js:152:17)
    at trimPrefix (E:\ecommerce\backend\node_modules\router\index.js:342:13)
    at E:\ecommerce\backend\node_modules\router\index.js:297:9
    at processParams (E:\ecommerce\backend\node_modules\router\index.js:582:12)
    at next (E:\ecommerce\backend\node_modules\router\index.js:291:5)
    at read (E:\ecommerce\backend\node_modules\body-parser\lib\read.js:53:5)
14-05-2026 14:28:06 | ERROR | Error | GET | /api/v1/product : CORS policy: origin not allowed 
Error: CORS policy: origin not allowed
    at origin (E:\ecommerce\backend\middlewares\cors.middleware.js:12:33)
    at E:\ecommerce\backend\node_modules\cors\lib\index.js:219:13
    at optionsCallback (E:\ecommerce\backend\node_modules\cors\lib\index.js:199:9)
    at corsMiddleware (E:\ecommerce\backend\node_modules\cors\lib\index.js:204:7)
    at Layer.handleRequest (E:\ecommerce\backend\node_modules\router\lib\layer.js:152:17)
    at trimPrefix (E:\ecommerce\backend\node_modules\router\index.js:342:13)
    at E:\ecommerce\backend\node_modules\router\index.js:297:9
    at processParams (E:\ecommerce\backend\node_modules\router\index.js:582:12)
    at next (E:\ecommerce\backend\node_modules\router\index.js:291:5)
    at read (E:\ecommerce\backend\node_modules\body-parser\lib\read.js:53:5)
14-05-2026 14:28:51 | ERROR | Error | GET | /api/v1/admin/stats : CORS policy: origin not allowed 
Error: CORS policy: origin not allowed
    at origin (E:\ecommerce\backend\middlewares\cors.middleware.js:12:33)
    at E:\ecommerce\backend\node_modules\cors\lib\index.js:219:13
    at optionsCallback (E:\ecommerce\backend\node_modules\cors\lib\index.js:199:9)
    at corsMiddleware (E:\ecommerce\backend\node_modules\cors\lib\index.js:204:7)
    at Layer.handleRequest (E:\ecommerce\backend\node_modules\router\lib\layer.js:152:17)
    at trimPrefix (E:\ecommerce\backend\node_modules\router\index.js:342:13)
    at E:\ecommerce\backend\node_modules\router\index.js:297:9
    at processParams (E:\ecommerce\backend\node_modules\router\index.js:582:12)
    at next (E:\ecommerce\backend\node_modules\router\index.js:291:5)
    at read (E:\ecommerce\backend\node_modules\body-parser\lib\read.js:53:5)
14-05-2026 14:28:51 | ERROR | Error | GET | /api/v1/admin/orders : CORS policy: origin not allowed 
Error: CORS policy: origin not allowed
    at origin (E:\ecommerce\backend\middlewares\cors.middleware.js:12:33)
    at E:\ecommerce\backend\node_modules\cors\lib\index.js:219:13
    at optionsCallback (E:\ecommerce\backend\node_modules\cors\lib\index.js:199:9)
    at corsMiddleware (E:\ecommerce\backend\node_modules\cors\lib\index.js:204:7)
    at Layer.handleRequest (E:\ecommerce\backend\node_modules\router\lib\layer.js:152:17)
    at trimPrefix (E:\ecommerce\backend\node_modules\router\index.js:342:13)
    at E:\ecommerce\backend\node_modules\router\index.js:297:9
    at processParams (E:\ecommerce\backend\node_modules\router\index.js:582:12)
    at next (E:\ecommerce\backend\node_modules\router\index.js:291:5)
    at read (E:\ecommerce\backend\node_modules\body-parser\lib\read.js:53:5)
14-05-2026 14:28:51 | ERROR | Error | GET | /api/v1/admin/testimonials : CORS policy: origin not allowed 
Error: CORS policy: origin not allowed
    at origin (E:\ecommerce\backend\middlewares\cors.middleware.js:12:33)
    at E:\ecommerce\backend\node_modules\cors\lib\index.js:219:13
    at optionsCallback (E:\ecommerce\backend\node_modules\cors\lib\index.js:199:9)
    at corsMiddleware (E:\ecommerce\backend\node_modules\cors\lib\index.js:204:7)
    at Layer.handleRequest (E:\ecommerce\backend\node_modules\router\lib\layer.js:152:17)
    at trimPrefix (E:\ecommerce\backend\node_modules\router\index.js:342:13)
    at E:\ecommerce\backend\node_modules\router\index.js:297:9
    at processParams (E:\ecommerce\backend\node_modules\router\index.js:582:12)
    at next (E:\ecommerce\backend\node_modules\router\index.js:291:5)
    at read (E:\ecommerce\backend\node_modules\body-parser\lib\read.js:53:5)
14-05-2026 14:28:57 | ERROR | Error | GET | /api/v1/product : CORS policy: origin not allowed 
Error: CORS policy: origin not allowed
    at origin (E:\ecommerce\backend\middlewares\cors.middleware.js:12:33)
    at E:\ecommerce\backend\node_modules\cors\lib\index.js:219:13
    at optionsCallback (E:\ecommerce\backend\node_modules\cors\lib\index.js:199:9)
    at corsMiddleware (E:\ecommerce\backend\node_modules\cors\lib\index.js:204:7)
    at Layer.handleRequest (E:\ecommerce\backend\node_modules\router\lib\layer.js:152:17)
    at trimPrefix (E:\ecommerce\backend\node_modules\router\index.js:342:13)
    at E:\ecommerce\backend\node_modules\router\index.js:297:9
    at processParams (E:\ecommerce\backend\node_modules\router\index.js:582:12)
    at next (E:\ecommerce\backend\node_modules\router\index.js:291:5)
    at read (E:\ecommerce\backend\node_modules\body-parser\lib\read.js:53:5)
14-05-2026 14:28:59 | ERROR | Error | GET | /api/v1/admin/stats : CORS policy: origin not allowed 
Error: CORS policy: origin not allowed
    at origin (E:\ecommerce\backend\middlewares\cors.middleware.js:12:33)
    at E:\ecommerce\backend\node_modules\cors\lib\index.js:219:13
    at optionsCallback (E:\ecommerce\backend\node_modules\cors\lib\index.js:199:9)
    at corsMiddleware (E:\ecommerce\backend\node_modules\cors\lib\index.js:204:7)
    at Layer.handleRequest (E:\ecommerce\backend\node_modules\router\lib\layer.js:152:17)
    at trimPrefix (E:\ecommerce\backend\node_modules\router\index.js:342:13)
    at E:\ecommerce\backend\node_modules\router\index.js:297:9
    at processParams (E:\ecommerce\backend\node_modules\router\index.js:582:12)
    at next (E:\ecommerce\backend\node_modules\router\index.js:291:5)
    at read (E:\ecommerce\backend\node_modules\body-parser\lib\read.js:53:5)
14-05-2026 14:28:59 | ERROR | Error | GET | /api/v1/admin/orders : CORS policy: origin not allowed 
Error: CORS policy: origin not allowed
    at origin (E:\ecommerce\backend\middlewares\cors.middleware.js:12:33)
    at E:\ecommerce\backend\node_modules\cors\lib\index.js:219:13
    at optionsCallback (E:\ecommerce\backend\node_modules\cors\lib\index.js:199:9)
    at corsMiddleware (E:\ecommerce\backend\node_modules\cors\lib\index.js:204:7)
    at Layer.handleRequest (E:\ecommerce\backend\node_modules\router\lib\layer.js:152:17)
    at trimPrefix (E:\ecommerce\backend\node_modules\router\index.js:342:13)
    at E:\ecommerce\backend\node_modules\router\index.js:297:9
    at processParams (E:\ecommerce\backend\node_modules\router\index.js:582:12)
    at next (E:\ecommerce\backend\node_modules\router\index.js:291:5)
    at read (E:\ecommerce\backend\node_modules\body-parser\lib\read.js:53:5)
14-05-2026 14:28:59 | ERROR | Error | GET | /api/v1/admin/testimonials : CORS policy: origin not allowed 
Error: CORS policy: origin not allowed
    at origin (E:\ecommerce\backend\middlewares\cors.middleware.js:12:33)
    at E:\ecommerce\backend\node_modules\cors\lib\index.js:219:13
    at optionsCallback (E:\ecommerce\backend\node_modules\cors\lib\index.js:199:9)
    at corsMiddleware (E:\ecommerce\backend\node_modules\cors\lib\index.js:204:7)
    at Layer.handleRequest (E:\ecommerce\backend\node_modules\router\lib\layer.js:152:17)
    at trimPrefix (E:\ecommerce\backend\node_modules\router\index.js:342:13)
    at E:\ecommerce\backend\node_modules\router\index.js:297:9
    at processParams (E:\ecommerce\backend\node_modules\router\index.js:582:12)
    at next (E:\ecommerce\backend\node_modules\router\index.js:291:5)
    at read (E:\ecommerce\backend\node_modules\body-parser\lib\read.js:53:5)
14-05-2026 14:29:03 | ERROR | Error | GET | /api/v1/product : CORS policy: origin not allowed 
Error: CORS policy: origin not allowed
    at origin (E:\ecommerce\backend\middlewares\cors.middleware.js:12:33)
    at E:\ecommerce\backend\node_modules\cors\lib\index.js:219:13
    at optionsCallback (E:\ecommerce\backend\node_modules\cors\lib\index.js:199:9)
    at corsMiddleware (E:\ecommerce\backend\node_modules\cors\lib\index.js:204:7)
    at Layer.handleRequest (E:\ecommerce\backend\node_modules\router\lib\layer.js:152:17)
    at trimPrefix (E:\ecommerce\backend\node_modules\router\index.js:342:13)
    at E:\ecommerce\backend\node_modules\router\index.js:297:9
    at processParams (E:\ecommerce\backend\node_modules\router\index.js:582:12)
    at next (E:\ecommerce\backend\node_modules\router\index.js:291:5)
    at read (E:\ecommerce\backend\node_modules\body-parser\lib\read.js:53:5)
14-05-2026 14:29:05 | ERROR | Error | GET | /api/v1/admin/stats : CORS policy: origin not allowed 
Error: CORS policy: origin not allowed
    at origin (E:\ecommerce\backend\middlewares\cors.middleware.js:12:33)
    at E:\ecommerce\backend\node_modules\cors\lib\index.js:219:13
    at optionsCallback (E:\ecommerce\backend\node_modules\cors\lib\index.js:199:9)
    at corsMiddleware (E:\ecommerce\backend\node_modules\cors\lib\index.js:204:7)
    at Layer.handleRequest (E:\ecommerce\backend\node_modules\router\lib\layer.js:152:17)
    at trimPrefix (E:\ecommerce\backend\node_modules\router\index.js:342:13)
    at E:\ecommerce\backend\node_modules\router\index.js:297:9
    at processParams (E:\ecommerce\backend\node_modules\router\index.js:582:12)
    at next (E:\ecommerce\backend\node_modules\router\index.js:291:5)
    at read (E:\ecommerce\backend\node_modules\body-parser\lib\read.js:53:5)
14-05-2026 14:29:05 | ERROR | Error | GET | /api/v1/admin/orders : CORS policy: origin not allowed 
Error: CORS policy: origin not allowed
    at origin (E:\ecommerce\backend\middlewares\cors.middleware.js:12:33)
    at E:\ecommerce\backend\node_modules\cors\lib\index.js:219:13
    at optionsCallback (E:\ecommerce\backend\node_modules\cors\lib\index.js:199:9)
    at corsMiddleware (E:\ecommerce\backend\node_modules\cors\lib\index.js:204:7)
    at Layer.handleRequest (E:\ecommerce\backend\node_modules\router\lib\layer.js:152:17)
    at trimPrefix (E:\ecommerce\backend\node_modules\router\index.js:342:13)
    at E:\ecommerce\backend\node_modules\router\index.js:297:9
    at processParams (E:\ecommerce\backend\node_modules\router\index.js:582:12)
    at next (E:\ecommerce\backend\node_modules\router\index.js:291:5)
    at read (E:\ecommerce\backend\node_modules\body-parser\lib\read.js:53:5)
14-05-2026 14:29:05 | ERROR | Error | GET | /api/v1/admin/testimonials : CORS policy: origin not allowed 
Error: CORS policy: origin not allowed
    at origin (E:\ecommerce\backend\middlewares\cors.middleware.js:12:33)
    at E:\ecommerce\backend\node_modules\cors\lib\index.js:219:13
    at optionsCallback (E:\ecommerce\backend\node_modules\cors\lib\index.js:199:9)
    at corsMiddleware (E:\ecommerce\backend\node_modules\cors\lib\index.js:204:7)
    at Layer.handleRequest (E:\ecommerce\backend\node_modules\router\lib\layer.js:152:17)
    at trimPrefix (E:\ecommerce\backend\node_modules\router\index.js:342:13)
    at E:\ecommerce\backend\node_modules\router\index.js:297:9
    at processParams (E:\ecommerce\backend\node_modules\router\index.js:582:12)
    at next (E:\ecommerce\backend\node_modules\router\index.js:291:5)
    at read (E:\ecommerce\backend\node_modules\body-parser\lib\read.js:53:5)
14-05-2026 14:29:07 | ERROR | Error | GET | /api/v1/admin/stats : CORS policy: origin not allowed 
Error: CORS policy: origin not allowed
    at origin (E:\ecommerce\backend\middlewares\cors.middleware.js:12:33)
    at E:\ecommerce\backend\node_modules\cors\lib\index.js:219:13
    at optionsCallback (E:\ecommerce\backend\node_modules\cors\lib\index.js:199:9)
    at corsMiddleware (E:\ecommerce\backend\node_modules\cors\lib\index.js:204:7)
    at Layer.handleRequest (E:\ecommerce\backend\node_modules\router\lib\layer.js:152:17)
    at trimPrefix (E:\ecommerce\backend\node_modules\router\index.js:342:13)
    at E:\ecommerce\backend\node_modules\router\index.js:297:9
    at processParams (E:\ecommerce\backend\node_modules\router\index.js:582:12)
    at next (E:\ecommerce\backend\node_modules\router\index.js:291:5)
    at read (E:\ecommerce\backend\node_modules\body-parser\lib\read.js:53:5)
14-05-2026 14:29:07 | ERROR | Error | GET | /api/v1/admin/orders : CORS policy: origin not allowed 
Error: CORS policy: origin not allowed
    at origin (E:\ecommerce\backend\middlewares\cors.middleware.js:12:33)
    at E:\ecommerce\backend\node_modules\cors\lib\index.js:219:13
    at optionsCallback (E:\ecommerce\backend\node_modules\cors\lib\index.js:199:9)
    at corsMiddleware (E:\ecommerce\backend\node_modules\cors\lib\index.js:204:7)
    at Layer.handleRequest (E:\ecommerce\backend\node_modules\router\lib\layer.js:152:17)
    at trimPrefix (E:\ecommerce\backend\node_modules\router\index.js:342:13)
    at E:\ecommerce\backend\node_modules\router\index.js:297:9
    at processParams (E:\ecommerce\backend\node_modules\router\index.js:582:12)
    at next (E:\ecommerce\backend\node_modules\router\index.js:291:5)
    at read (E:\ecommerce\backend\node_modules\body-parser\lib\read.js:53:5)
14-05-2026 14:29:07 | ERROR | Error | GET | /api/v1/admin/testimonials : CORS policy: origin not allowed 
Error: CORS policy: origin not allowed
    at origin (E:\ecommerce\backend\middlewares\cors.middleware.js:12:33)
    at E:\ecommerce\backend\node_modules\cors\lib\index.js:219:13
    at optionsCallback (E:\ecommerce\backend\node_modules\cors\lib\index.js:199:9)
    at corsMiddleware (E:\ecommerce\backend\node_modules\cors\lib\index.js:204:7)
    at Layer.handleRequest (E:\ecommerce\backend\node_modules\router\lib\layer.js:152:17)
    at trimPrefix (E:\ecommerce\backend\node_modules\router\index.js:342:13)
    at E:\ecommerce\backend\node_modules\router\index.js:297:9
    at processParams (E:\ecommerce\backend\node_modules\router\index.js:582:12)
    at next (E:\ecommerce\backend\node_modules\router\index.js:291:5)
    at read (E:\ecommerce\backend\node_modules\body-parser\lib\read.js:53:5)
14-05-2026 14:29:08 | ERROR | Error | GET | /api/v1/product : CORS policy: origin not allowed 
Error: CORS policy: origin not allowed
    at origin (E:\ecommerce\backend\middlewares\cors.middleware.js:12:33)
    at E:\ecommerce\backend\node_modules\cors\lib\index.js:219:13
    at optionsCallback (E:\ecommerce\backend\node_modules\cors\lib\index.js:199:9)
    at corsMiddleware (E:\ecommerce\backend\node_modules\cors\lib\index.js:204:7)
    at Layer.handleRequest (E:\ecommerce\backend\node_modules\router\lib\layer.js:152:17)
    at trimPrefix (E:\ecommerce\backend\node_modules\router\index.js:342:13)
    at E:\ecommerce\backend\node_modules\router\index.js:297:9
    at processParams (E:\ecommerce\backend\node_modules\router\index.js:582:12)
    at next (E:\ecommerce\backend\node_modules\router\index.js:291:5)
    at read (E:\ecommerce\backend\node_modules\body-parser\lib\read.js:53:5)
14-05-2026 14:29:10 | ERROR | Error | GET | /api/v1/admin/stats : CORS policy: origin not allowed 
Error: CORS policy: origin not allowed
    at origin (E:\ecommerce\backend\middlewares\cors.middleware.js:12:33)
    at E:\ecommerce\backend\node_modules\cors\lib\index.js:219:13
    at optionsCallback (E:\ecommerce\backend\node_modules\cors\lib\index.js:199:9)
    at corsMiddleware (E:\ecommerce\backend\node_modules\cors\lib\index.js:204:7)
    at Layer.handleRequest (E:\ecommerce\backend\node_modules\router\lib\layer.js:152:17)
    at trimPrefix (E:\ecommerce\backend\node_modules\router\index.js:342:13)
    at E:\ecommerce\backend\node_modules\router\index.js:297:9
    at processParams (E:\ecommerce\backend\node_modules\router\index.js:582:12)
    at next (E:\ecommerce\backend\node_modules\router\index.js:291:5)
    at read (E:\ecommerce\backend\node_modules\body-parser\lib\read.js:53:5)
14-05-2026 14:29:10 | ERROR | Error | GET | /api/v1/admin/orders : CORS policy: origin not allowed 
Error: CORS policy: origin not allowed
    at origin (E:\ecommerce\backend\middlewares\cors.middleware.js:12:33)
    at E:\ecommerce\backend\node_modules\cors\lib\index.js:219:13
    at optionsCallback (E:\ecommerce\backend\node_modules\cors\lib\index.js:199:9)
    at corsMiddleware (E:\ecommerce\backend\node_modules\cors\lib\index.js:204:7)
    at Layer.handleRequest (E:\ecommerce\backend\node_modules\router\lib\layer.js:152:17)
    at trimPrefix (E:\ecommerce\backend\node_modules\router\index.js:342:13)
    at E:\ecommerce\backend\node_modules\router\index.js:297:9
    at processParams (E:\ecommerce\backend\node_modules\router\index.js:582:12)
    at next (E:\ecommerce\backend\node_modules\router\index.js:291:5)
    at read (E:\ecommerce\backend\node_modules\body-parser\lib\read.js:53:5)
14-05-2026 14:29:10 | ERROR | Error | GET | /api/v1/admin/testimonials : CORS policy: origin not allowed 
Error: CORS policy: origin not allowed
    at origin (E:\ecommerce\backend\middlewares\cors.middleware.js:12:33)
    at E:\ecommerce\backend\node_modules\cors\lib\index.js:219:13
    at optionsCallback (E:\ecommerce\backend\node_modules\cors\lib\index.js:199:9)
    at corsMiddleware (E:\ecommerce\backend\node_modules\cors\lib\index.js:204:7)
    at Layer.handleRequest (E:\ecommerce\backend\node_modules\router\lib\layer.js:152:17)
    at trimPrefix (E:\ecommerce\backend\node_modules\router\index.js:342:13)
    at E:\ecommerce\backend\node_modules\router\index.js:297:9
    at processParams (E:\ecommerce\backend\node_modules\router\index.js:582:12)
    at next (E:\ecommerce\backend\node_modules\router\index.js:291:5)
    at read (E:\ecommerce\backend\node_modules\body-parser\lib\read.js:53:5)
14-05-2026 14:29:15 | ERROR | Error | GET | /api/v1/product : CORS policy: origin not allowed 
Error: CORS policy: origin not allowed
    at origin (E:\ecommerce\backend\middlewares\cors.middleware.js:12:33)
    at E:\ecommerce\backend\node_modules\cors\lib\index.js:219:13
    at optionsCallback (E:\ecommerce\backend\node_modules\cors\lib\index.js:199:9)
    at corsMiddleware (E:\ecommerce\backend\node_modules\cors\lib\index.js:204:7)
    at Layer.handleRequest (E:\ecommerce\backend\node_modules\router\lib\layer.js:152:17)
    at trimPrefix (E:\ecommerce\backend\node_modules\router\index.js:342:13)
    at E:\ecommerce\backend\node_modules\router\index.js:297:9
    at processParams (E:\ecommerce\backend\node_modules\router\index.js:582:12)
    at next (E:\ecommerce\backend\node_modules\router\index.js:291:5)
    at read (E:\ecommerce\backend\node_modules\body-parser\lib\read.js:53:5)
14-05-2026 14:29:18 | ERROR | Error | GET | /api/v1/admin/stats : CORS policy: origin not allowed 
Error: CORS policy: origin not allowed
    at origin (E:\ecommerce\backend\middlewares\cors.middleware.js:12:33)
    at E:\ecommerce\backend\node_modules\cors\lib\index.js:219:13
    at optionsCallback (E:\ecommerce\backend\node_modules\cors\lib\index.js:199:9)
    at corsMiddleware (E:\ecommerce\backend\node_modules\cors\lib\index.js:204:7)
    at Layer.handleRequest (E:\ecommerce\backend\node_modules\router\lib\layer.js:152:17)
    at trimPrefix (E:\ecommerce\backend\node_modules\router\index.js:342:13)
    at E:\ecommerce\backend\node_modules\router\index.js:297:9
    at processParams (E:\ecommerce\backend\node_modules\router\index.js:582:12)
    at next (E:\ecommerce\backend\node_modules\router\index.js:291:5)
    at read (E:\ecommerce\backend\node_modules\body-parser\lib\read.js:53:5)
14-05-2026 14:29:18 | ERROR | Error | GET | /api/v1/admin/orders : CORS policy: origin not allowed 
Error: CORS policy: origin not allowed
    at origin (E:\ecommerce\backend\middlewares\cors.middleware.js:12:33)
    at E:\ecommerce\backend\node_modules\cors\lib\index.js:219:13
    at optionsCallback (E:\ecommerce\backend\node_modules\cors\lib\index.js:199:9)
    at corsMiddleware (E:\ecommerce\backend\node_modules\cors\lib\index.js:204:7)
    at Layer.handleRequest (E:\ecommerce\backend\node_modules\router\lib\layer.js:152:17)
    at trimPrefix (E:\ecommerce\backend\node_modules\router\index.js:342:13)
    at E:\ecommerce\backend\node_modules\router\index.js:297:9
    at processParams (E:\ecommerce\backend\node_modules\router\index.js:582:12)
    at next (E:\ecommerce\backend\node_modules\router\index.js:291:5)
    at read (E:\ecommerce\backend\node_modules\body-parser\lib\read.js:53:5)
14-05-2026 14:29:18 | ERROR | Error | GET | /api/v1/admin/testimonials : CORS policy: origin not allowed 
Error: CORS policy: origin not allowed
    at origin (E:\ecommerce\backend\middlewares\cors.middleware.js:12:33)
    at E:\ecommerce\backend\node_modules\cors\lib\index.js:219:13
    at optionsCallback (E:\ecommerce\backend\node_modules\cors\lib\index.js:199:9)
    at corsMiddleware (E:\ecommerce\backend\node_modules\cors\lib\index.js:204:7)
    at Layer.handleRequest (E:\ecommerce\backend\node_modules\router\lib\layer.js:152:17)
    at trimPrefix (E:\ecommerce\backend\node_modules\router\index.js:342:13)
    at E:\ecommerce\backend\node_modules\router\index.js:297:9
    at processParams (E:\ecommerce\backend\node_modules\router\index.js:582:12)
    at next (E:\ecommerce\backend\node_modules\router\index.js:291:5)
    at read (E:\ecommerce\backend\node_modules\body-parser\lib\read.js:53:5)
14-05-2026 14:36:28 | ERROR | Error | GET | /api/v1/admin/stats : CORS policy: origin not allowed 
Error: CORS policy: origin not allowed
    at origin (E:\ecommerce\backend\middlewares\cors.middleware.js:12:33)
    at E:\ecommerce\backend\node_modules\cors\lib\index.js:219:13
    at optionsCallback (E:\ecommerce\backend\node_modules\cors\lib\index.js:199:9)
    at corsMiddleware (E:\ecommerce\backend\node_modules\cors\lib\index.js:204:7)
    at Layer.handleRequest (E:\ecommerce\backend\node_modules\router\lib\layer.js:152:17)
    at trimPrefix (E:\ecommerce\backend\node_modules\router\index.js:342:13)
    at E:\ecommerce\backend\node_modules\router\index.js:297:9
    at processParams (E:\ecommerce\backend\node_modules\router\index.js:582:12)
    at next (E:\ecommerce\backend\node_modules\router\index.js:291:5)
    at read (E:\ecommerce\backend\node_modules\body-parser\lib\read.js:53:5)
14-05-2026 14:36:28 | ERROR | Error | GET | /api/v1/admin/orders : CORS policy: origin not allowed 
Error: CORS policy: origin not allowed
    at origin (E:\ecommerce\backend\middlewares\cors.middleware.js:12:33)
    at E:\ecommerce\backend\node_modules\cors\lib\index.js:219:13
    at optionsCallback (E:\ecommerce\backend\node_modules\cors\lib\index.js:199:9)
    at corsMiddleware (E:\ecommerce\backend\node_modules\cors\lib\index.js:204:7)
    at Layer.handleRequest (E:\ecommerce\backend\node_modules\router\lib\layer.js:152:17)
    at trimPrefix (E:\ecommerce\backend\node_modules\router\index.js:342:13)
    at E:\ecommerce\backend\node_modules\router\index.js:297:9
    at processParams (E:\ecommerce\backend\node_modules\router\index.js:582:12)
    at next (E:\ecommerce\backend\node_modules\router\index.js:291:5)
    at read (E:\ecommerce\backend\node_modules\body-parser\lib\read.js:53:5)
14-05-2026 14:36:28 | ERROR | Error | GET | /api/v1/admin/testimonials : CORS policy: origin not allowed 
Error: CORS policy: origin not allowed
    at origin (E:\ecommerce\backend\middlewares\cors.middleware.js:12:33)
    at E:\ecommerce\backend\node_modules\cors\lib\index.js:219:13
    at optionsCallback (E:\ecommerce\backend\node_modules\cors\lib\index.js:199:9)
    at corsMiddleware (E:\ecommerce\backend\node_modules\cors\lib\index.js:204:7)
    at Layer.handleRequest (E:\ecommerce\backend\node_modules\router\lib\layer.js:152:17)
    at trimPrefix (E:\ecommerce\backend\node_modules\router\index.js:342:13)
    at E:\ecommerce\backend\node_modules\router\index.js:297:9
    at processParams (E:\ecommerce\backend\node_modules\router\index.js:582:12)
    at next (E:\ecommerce\backend\node_modules\router\index.js:291:5)
    at read (E:\ecommerce\backend\node_modules\body-parser\lib\read.js:53:5)
14-05-2026 14:37:14 | ERROR | Error | GET | /api/v1/product : CORS policy: origin not allowed 
Error: CORS policy: origin not allowed
    at origin (E:\ecommerce\backend\middlewares\cors.middleware.js:12:33)
    at E:\ecommerce\backend\node_modules\cors\lib\index.js:219:13
    at optionsCallback (E:\ecommerce\backend\node_modules\cors\lib\index.js:199:9)
    at corsMiddleware (E:\ecommerce\backend\node_modules\cors\lib\index.js:204:7)
    at Layer.handleRequest (E:\ecommerce\backend\node_modules\router\lib\layer.js:152:17)
    at trimPrefix (E:\ecommerce\backend\node_modules\router\index.js:342:13)
    at E:\ecommerce\backend\node_modules\router\index.js:297:9
    at processParams (E:\ecommerce\backend\node_modules\router\index.js:582:12)
    at next (E:\ecommerce\backend\node_modules\router\index.js:291:5)
    at read (E:\ecommerce\backend\node_modules\body-parser\lib\read.js:53:5)
14-05-2026 14:37:15 | ERROR | Error | GET | /api/v1/product : CORS policy: origin not allowed 
Error: CORS policy: origin not allowed
    at origin (E:\ecommerce\backend\middlewares\cors.middleware.js:12:33)
    at E:\ecommerce\backend\node_modules\cors\lib\index.js:219:13
    at optionsCallback (E:\ecommerce\backend\node_modules\cors\lib\index.js:199:9)
    at corsMiddleware (E:\ecommerce\backend\node_modules\cors\lib\index.js:204:7)
    at Layer.handleRequest (E:\ecommerce\backend\node_modules\router\lib\layer.js:152:17)
    at trimPrefix (E:\ecommerce\backend\node_modules\router\index.js:342:13)
    at E:\ecommerce\backend\node_modules\router\index.js:297:9
    at processParams (E:\ecommerce\backend\node_modules\router\index.js:582:12)
    at next (E:\ecommerce\backend\node_modules\router\index.js:291:5)
    at read (E:\ecommerce\backend\node_modules\body-parser\lib\read.js:53:5)
14-05-2026 14:37:17 | ERROR | Error | GET | /api/v1/testimonials : CORS policy: origin not allowed 
Error: CORS policy: origin not allowed
    at origin (E:\ecommerce\backend\middlewares\cors.middleware.js:12:33)
    at E:\ecommerce\backend\node_modules\cors\lib\index.js:219:13
    at optionsCallback (E:\ecommerce\backend\node_modules\cors\lib\index.js:199:9)
    at corsMiddleware (E:\ecommerce\backend\node_modules\cors\lib\index.js:204:7)
    at Layer.handleRequest (E:\ecommerce\backend\node_modules\router\lib\layer.js:152:17)
    at trimPrefix (E:\ecommerce\backend\node_modules\router\index.js:342:13)
    at E:\ecommerce\backend\node_modules\router\index.js:297:9
    at processParams (E:\ecommerce\backend\node_modules\router\index.js:582:12)
    at next (E:\ecommerce\backend\node_modules\router\index.js:291:5)
    at read (E:\ecommerce\backend\node_modules\body-parser\lib\read.js:53:5)
14-05-2026 14:37:18 | ERROR | Error | GET | /api/v1/product : CORS policy: origin not allowed 
Error: CORS policy: origin not allowed
    at origin (E:\ecommerce\backend\middlewares\cors.middleware.js:12:33)
    at E:\ecommerce\backend\node_modules\cors\lib\index.js:219:13
    at optionsCallback (E:\ecommerce\backend\node_modules\cors\lib\index.js:199:9)
    at corsMiddleware (E:\ecommerce\backend\node_modules\cors\lib\index.js:204:7)
    at Layer.handleRequest (E:\ecommerce\backend\node_modules\router\lib\layer.js:152:17)
    at trimPrefix (E:\ecommerce\backend\node_modules\router\index.js:342:13)
    at E:\ecommerce\backend\node_modules\router\index.js:297:9
    at processParams (E:\ecommerce\backend\node_modules\router\index.js:582:12)
    at next (E:\ecommerce\backend\node_modules\router\index.js:291:5)
    at read (E:\ecommerce\backend\node_modules\body-parser\lib\read.js:53:5)
14-05-2026 14:38:08 | ERROR | Error | GET | /api/v1/product : CORS policy: origin not allowed 
Error: CORS policy: origin not allowed
    at origin (E:\ecommerce\backend\middlewares\cors.middleware.js:12:33)
    at E:\ecommerce\backend\node_modules\cors\lib\index.js:219:13
    at optionsCallback (E:\ecommerce\backend\node_modules\cors\lib\index.js:199:9)
    at corsMiddleware (E:\ecommerce\backend\node_modules\cors\lib\index.js:204:7)
    at Layer.handleRequest (E:\ecommerce\backend\node_modules\router\lib\layer.js:152:17)
    at trimPrefix (E:\ecommerce\backend\node_modules\router\index.js:342:13)
    at E:\ecommerce\backend\node_modules\router\index.js:297:9
    at processParams (E:\ecommerce\backend\node_modules\router\index.js:582:12)
    at next (E:\ecommerce\backend\node_modules\router\index.js:291:5)
    at read (E:\ecommerce\backend\node_modules\body-parser\lib\read.js:53:5)
14-05-2026 14:38:09 | ERROR | Error | GET | /api/v1/product : CORS policy: origin not allowed 
Error: CORS policy: origin not allowed
    at origin (E:\ecommerce\backend\middlewares\cors.middleware.js:12:33)
    at E:\ecommerce\backend\node_modules\cors\lib\index.js:219:13
    at optionsCallback (E:\ecommerce\backend\node_modules\cors\lib\index.js:199:9)
    at corsMiddleware (E:\ecommerce\backend\node_modules\cors\lib\index.js:204:7)
    at Layer.handleRequest (E:\ecommerce\backend\node_modules\router\lib\layer.js:152:17)
    at trimPrefix (E:\ecommerce\backend\node_modules\router\index.js:342:13)
    at E:\ecommerce\backend\node_modules\router\index.js:297:9
    at processParams (E:\ecommerce\backend\node_modules\router\index.js:582:12)
    at next (E:\ecommerce\backend\node_modules\router\index.js:291:5)
    at read (E:\ecommerce\backend\node_modules\body-parser\lib\read.js:53:5)
14-05-2026 14:38:10 | ERROR | Error | GET | /api/v1/testimonials : CORS policy: origin not allowed 
Error: CORS policy: origin not allowed
    at origin (E:\ecommerce\backend\middlewares\cors.middleware.js:12:33)
    at E:\ecommerce\backend\node_modules\cors\lib\index.js:219:13
    at optionsCallback (E:\ecommerce\backend\node_modules\cors\lib\index.js:199:9)
    at corsMiddleware (E:\ecommerce\backend\node_modules\cors\lib\index.js:204:7)
    at Layer.handleRequest (E:\ecommerce\backend\node_modules\router\lib\layer.js:152:17)
    at trimPrefix (E:\ecommerce\backend\node_modules\router\index.js:342:13)
    at E:\ecommerce\backend\node_modules\router\index.js:297:9
    at processParams (E:\ecommerce\backend\node_modules\router\index.js:582:12)
    at next (E:\ecommerce\backend\node_modules\router\index.js:291:5)
    at read (E:\ecommerce\backend\node_modules\body-parser\lib\read.js:53:5)
14-05-2026 14:38:13 | ERROR | Error | GET | /api/v1/product : CORS policy: origin not allowed 
Error: CORS policy: origin not allowed
    at origin (E:\ecommerce\backend\middlewares\cors.middleware.js:12:33)
    at E:\ecommerce\backend\node_modules\cors\lib\index.js:219:13
    at optionsCallback (E:\ecommerce\backend\node_modules\cors\lib\index.js:199:9)
    at corsMiddleware (E:\ecommerce\backend\node_modules\cors\lib\index.js:204:7)
    at Layer.handleRequest (E:\ecommerce\backend\node_modules\router\lib\layer.js:152:17)
    at trimPrefix (E:\ecommerce\backend\node_modules\router\index.js:342:13)
    at E:\ecommerce\backend\node_modules\router\index.js:297:9
    at processParams (E:\ecommerce\backend\node_modules\router\index.js:582:12)
    at next (E:\ecommerce\backend\node_modules\router\index.js:291:5)
    at read (E:\ecommerce\backend\node_modules\body-parser\lib\read.js:53:5)
14-05-2026 14:39:06 | ERROR | Error | OPTIONS | /api/v1/auth/login : CORS policy: origin not allowed 
Error: CORS policy: origin not allowed
    at origin (E:\ecommerce\backend\middlewares\cors.middleware.js:12:33)
    at E:\ecommerce\backend\node_modules\cors\lib\index.js:219:13
    at optionsCallback (E:\ecommerce\backend\node_modules\cors\lib\index.js:199:9)
    at corsMiddleware (E:\ecommerce\backend\node_modules\cors\lib\index.js:204:7)
    at Layer.handleRequest (E:\ecommerce\backend\node_modules\router\lib\layer.js:152:17)
    at trimPrefix (E:\ecommerce\backend\node_modules\router\index.js:342:13)
    at E:\ecommerce\backend\node_modules\router\index.js:297:9
    at processParams (E:\ecommerce\backend\node_modules\router\index.js:582:12)
    at next (E:\ecommerce\backend\node_modules\router\index.js:291:5)
    at read (E:\ecommerce\backend\node_modules\body-parser\lib\read.js:53:5)
14-05-2026 14:39:07 | ERROR | Error | OPTIONS | /api/v1/auth/login : CORS policy: origin not allowed 
Error: CORS policy: origin not allowed
    at origin (E:\ecommerce\backend\middlewares\cors.middleware.js:12:33)
    at E:\ecommerce\backend\node_modules\cors\lib\index.js:219:13
    at optionsCallback (E:\ecommerce\backend\node_modules\cors\lib\index.js:199:9)
    at corsMiddleware (E:\ecommerce\backend\node_modules\cors\lib\index.js:204:7)
    at Layer.handleRequest (E:\ecommerce\backend\node_modules\router\lib\layer.js:152:17)
    at trimPrefix (E:\ecommerce\backend\node_modules\router\index.js:342:13)
    at E:\ecommerce\backend\node_modules\router\index.js:297:9
    at processParams (E:\ecommerce\backend\node_modules\router\index.js:582:12)
    at next (E:\ecommerce\backend\node_modules\router\index.js:291:5)
    at read (E:\ecommerce\backend\node_modules\body-parser\lib\read.js:53:5)
14-05-2026 14:39:08 | ERROR | Error | OPTIONS | /api/v1/auth/login : CORS policy: origin not allowed 
Error: CORS policy: origin not allowed
    at origin (E:\ecommerce\backend\middlewares\cors.middleware.js:12:33)
    at E:\ecommerce\backend\node_modules\cors\lib\index.js:219:13
    at optionsCallback (E:\ecommerce\backend\node_modules\cors\lib\index.js:199:9)
    at corsMiddleware (E:\ecommerce\backend\node_modules\cors\lib\index.js:204:7)
    at Layer.handleRequest (E:\ecommerce\backend\node_modules\router\lib\layer.js:152:17)
    at trimPrefix (E:\ecommerce\backend\node_modules\router\index.js:342:13)
    at E:\ecommerce\backend\node_modules\router\index.js:297:9
    at processParams (E:\ecommerce\backend\node_modules\router\index.js:582:12)
    at next (E:\ecommerce\backend\node_modules\router\index.js:291:5)
    at read (E:\ecommerce\backend\node_modules\body-parser\lib\read.js:53:5)
14-05-2026 14:39:08 | ERROR | Error | OPTIONS | /api/v1/auth/login : CORS policy: origin not allowed 
Error: CORS policy: origin not allowed
    at origin (E:\ecommerce\backend\middlewares\cors.middleware.js:12:33)
    at E:\ecommerce\backend\node_modules\cors\lib\index.js:219:13
    at optionsCallback (E:\ecommerce\backend\node_modules\cors\lib\index.js:199:9)
    at corsMiddleware (E:\ecommerce\backend\node_modules\cors\lib\index.js:204:7)
    at Layer.handleRequest (E:\ecommerce\backend\node_modules\router\lib\layer.js:152:17)
    at trimPrefix (E:\ecommerce\backend\node_modules\router\index.js:342:13)
    at E:\ecommerce\backend\node_modules\router\index.js:297:9
    at processParams (E:\ecommerce\backend\node_modules\router\index.js:582:12)
    at next (E:\ecommerce\backend\node_modules\router\index.js:291:5)
    at read (E:\ecommerce\backend\node_modules\body-parser\lib\read.js:53:5)
14-05-2026 14:39:08 | ERROR | Error | OPTIONS | /api/v1/auth/login : CORS policy: origin not allowed 
Error: CORS policy: origin not allowed
    at origin (E:\ecommerce\backend\middlewares\cors.middleware.js:12:33)
    at E:\ecommerce\backend\node_modules\cors\lib\index.js:219:13
    at optionsCallback (E:\ecommerce\backend\node_modules\cors\lib\index.js:199:9)
    at corsMiddleware (E:\ecommerce\backend\node_modules\cors\lib\index.js:204:7)
    at Layer.handleRequest (E:\ecommerce\backend\node_modules\router\lib\layer.js:152:17)
    at trimPrefix (E:\ecommerce\backend\node_modules\router\index.js:342:13)
    at E:\ecommerce\backend\node_modules\router\index.js:297:9
    at processParams (E:\ecommerce\backend\node_modules\router\index.js:582:12)
    at next (E:\ecommerce\backend\node_modules\router\index.js:291:5)
    at read (E:\ecommerce\backend\node_modules\body-parser\lib\read.js:53:5)
14-05-2026 14:39:09 | ERROR | Error | OPTIONS | /api/v1/auth/login : CORS policy: origin not allowed 
Error: CORS policy: origin not allowed
    at origin (E:\ecommerce\backend\middlewares\cors.middleware.js:12:33)
    at E:\ecommerce\backend\node_modules\cors\lib\index.js:219:13
    at optionsCallback (E:\ecommerce\backend\node_modules\cors\lib\index.js:199:9)
    at corsMiddleware (E:\ecommerce\backend\node_modules\cors\lib\index.js:204:7)
    at Layer.handleRequest (E:\ecommerce\backend\node_modules\router\lib\layer.js:152:17)
    at trimPrefix (E:\ecommerce\backend\node_modules\router\index.js:342:13)
    at E:\ecommerce\backend\node_modules\router\index.js:297:9
    at processParams (E:\ecommerce\backend\node_modules\router\index.js:582:12)
    at next (E:\ecommerce\backend\node_modules\router\index.js:291:5)
    at read (E:\ecommerce\backend\node_modules\body-parser\lib\read.js:53:5)
14-05-2026 14:39:09 | ERROR | Error | OPTIONS | /api/v1/auth/login : CORS policy: origin not allowed 
Error: CORS policy: origin not allowed
    at origin (E:\ecommerce\backend\middlewares\cors.middleware.js:12:33)
    at E:\ecommerce\backend\node_modules\cors\lib\index.js:219:13
    at optionsCallback (E:\ecommerce\backend\node_modules\cors\lib\index.js:199:9)
    at corsMiddleware (E:\ecommerce\backend\node_modules\cors\lib\index.js:204:7)
    at Layer.handleRequest (E:\ecommerce\backend\node_modules\router\lib\layer.js:152:17)
    at trimPrefix (E:\ecommerce\backend\node_modules\router\index.js:342:13)
    at E:\ecommerce\backend\node_modules\router\index.js:297:9
    at processParams (E:\ecommerce\backend\node_modules\router\index.js:582:12)
    at next (E:\ecommerce\backend\node_modules\router\index.js:291:5)
    at read (E:\ecommerce\backend\node_modules\body-parser\lib\read.js:53:5)
14-05-2026 14:39:09 | ERROR | Error | OPTIONS | /api/v1/auth/login : CORS policy: origin not allowed 
Error: CORS policy: origin not allowed
    at origin (E:\ecommerce\backend\middlewares\cors.middleware.js:12:33)
    at E:\ecommerce\backend\node_modules\cors\lib\index.js:219:13
    at optionsCallback (E:\ecommerce\backend\node_modules\cors\lib\index.js:199:9)
    at corsMiddleware (E:\ecommerce\backend\node_modules\cors\lib\index.js:204:7)
    at Layer.handleRequest (E:\ecommerce\backend\node_modules\router\lib\layer.js:152:17)
    at trimPrefix (E:\ecommerce\backend\node_modules\router\index.js:342:13)
    at E:\ecommerce\backend\node_modules\router\index.js:297:9
    at processParams (E:\ecommerce\backend\node_modules\router\index.js:582:12)
    at next (E:\ecommerce\backend\node_modules\router\index.js:291:5)
    at read (E:\ecommerce\backend\node_modules\body-parser\lib\read.js:53:5)
14-05-2026 14:39:09 | ERROR | Error | OPTIONS | /api/v1/auth/login : CORS policy: origin not allowed 
Error: CORS policy: origin not allowed
    at origin (E:\ecommerce\backend\middlewares\cors.middleware.js:12:33)
    at E:\ecommerce\backend\node_modules\cors\lib\index.js:219:13
    at optionsCallback (E:\ecommerce\backend\node_modules\cors\lib\index.js:199:9)
    at corsMiddleware (E:\ecommerce\backend\node_modules\cors\lib\index.js:204:7)
    at Layer.handleRequest (E:\ecommerce\backend\node_modules\router\lib\layer.js:152:17)
    at trimPrefix (E:\ecommerce\backend\node_modules\router\index.js:342:13)
    at E:\ecommerce\backend\node_modules\router\index.js:297:9
    at processParams (E:\ecommerce\backend\node_modules\router\index.js:582:12)
    at next (E:\ecommerce\backend\node_modules\router\index.js:291:5)
    at read (E:\ecommerce\backend\node_modules\body-parser\lib\read.js:53:5)
14-05-2026 14:39:10 | ERROR | Error | OPTIONS | /api/v1/auth/login : CORS policy: origin not allowed 
Error: CORS policy: origin not allowed
    at origin (E:\ecommerce\backend\middlewares\cors.middleware.js:12:33)
    at E:\ecommerce\backend\node_modules\cors\lib\index.js:219:13
    at optionsCallback (E:\ecommerce\backend\node_modules\cors\lib\index.js:199:9)
    at corsMiddleware (E:\ecommerce\backend\node_modules\cors\lib\index.js:204:7)
    at Layer.handleRequest (E:\ecommerce\backend\node_modules\router\lib\layer.js:152:17)
    at trimPrefix (E:\ecommerce\backend\node_modules\router\index.js:342:13)
    at E:\ecommerce\backend\node_modules\router\index.js:297:9
    at processParams (E:\ecommerce\backend\node_modules\router\index.js:582:12)
    at next (E:\ecommerce\backend\node_modules\router\index.js:291:5)
    at read (E:\ecommerce\backend\node_modules\body-parser\lib\read.js:53:5)
14-05-2026 14:39:11 | ERROR | Error | OPTIONS | /api/v1/auth/login : CORS policy: origin not allowed 
Error: CORS policy: origin not allowed
    at origin (E:\ecommerce\backend\middlewares\cors.middleware.js:12:33)
    at E:\ecommerce\backend\node_modules\cors\lib\index.js:219:13
    at optionsCallback (E:\ecommerce\backend\node_modules\cors\lib\index.js:199:9)
    at corsMiddleware (E:\ecommerce\backend\node_modules\cors\lib\index.js:204:7)
    at Layer.handleRequest (E:\ecommerce\backend\node_modules\router\lib\layer.js:152:17)
    at trimPrefix (E:\ecommerce\backend\node_modules\router\index.js:342:13)
    at E:\ecommerce\backend\node_modules\router\index.js:297:9
    at processParams (E:\ecommerce\backend\node_modules\router\index.js:582:12)
    at next (E:\ecommerce\backend\node_modules\router\index.js:291:5)
    at read (E:\ecommerce\backend\node_modules\body-parser\lib\read.js:53:5)
14-05-2026 14:40:35 | ERROR | Error | GET | /api/v1/product : CORS policy: origin not allowed 
Error: CORS policy: origin not allowed
    at origin (E:\ecommerce\backend\middlewares\cors.middleware.js:12:33)
    at E:\ecommerce\backend\node_modules\cors\lib\index.js:219:13
    at optionsCallback (E:\ecommerce\backend\node_modules\cors\lib\index.js:199:9)
    at corsMiddleware (E:\ecommerce\backend\node_modules\cors\lib\index.js:204:7)
    at Layer.handleRequest (E:\ecommerce\backend\node_modules\router\lib\layer.js:152:17)
    at trimPrefix (E:\ecommerce\backend\node_modules\router\index.js:342:13)
    at E:\ecommerce\backend\node_modules\router\index.js:297:9
    at processParams (E:\ecommerce\backend\node_modules\router\index.js:582:12)
    at next (E:\ecommerce\backend\node_modules\router\index.js:291:5)
    at read (E:\ecommerce\backend\node_modules\body-parser\lib\read.js:53:5)
14-05-2026 14:41:33 | ERROR | Error | GET | /api/v1/product : CORS policy: origin not allowed 
Error: CORS policy: origin not allowed
    at origin (E:\ecommerce\backend\middlewares\cors.middleware.js:12:33)
    at E:\ecommerce\backend\node_modules\cors\lib\index.js:219:13
    at optionsCallback (E:\ecommerce\backend\node_modules\cors\lib\index.js:199:9)
    at corsMiddleware (E:\ecommerce\backend\node_modules\cors\lib\index.js:204:7)
    at Layer.handleRequest (E:\ecommerce\backend\node_modules\router\lib\layer.js:152:17)
    at trimPrefix (E:\ecommerce\backend\node_modules\router\index.js:342:13)
    at E:\ecommerce\backend\node_modules\router\index.js:297:9
    at processParams (E:\ecommerce\backend\node_modules\router\index.js:582:12)
    at next (E:\ecommerce\backend\node_modules\router\index.js:291:5)
    at read (E:\ecommerce\backend\node_modules\body-parser\lib\read.js:53:5)
14-05-2026 14:41:50 | ERROR | Error | OPTIONS | /api/v1/auth/register : CORS policy: origin not allowed 
Error: CORS policy: origin not allowed
    at origin (E:\ecommerce\backend\middlewares\cors.middleware.js:12:33)
    at E:\ecommerce\backend\node_modules\cors\lib\index.js:219:13
    at optionsCallback (E:\ecommerce\backend\node_modules\cors\lib\index.js:199:9)
    at corsMiddleware (E:\ecommerce\backend\node_modules\cors\lib\index.js:204:7)
    at Layer.handleRequest (E:\ecommerce\backend\node_modules\router\lib\layer.js:152:17)
    at trimPrefix (E:\ecommerce\backend\node_modules\router\index.js:342:13)
    at E:\ecommerce\backend\node_modules\router\index.js:297:9
    at processParams (E:\ecommerce\backend\node_modules\router\index.js:582:12)
    at next (E:\ecommerce\backend\node_modules\router\index.js:291:5)
    at read (E:\ecommerce\backend\node_modules\body-parser\lib\read.js:53:5)
14-05-2026 14:41:51 | ERROR | Error | OPTIONS | /api/v1/auth/register : CORS policy: origin not allowed 
Error: CORS policy: origin not allowed
    at origin (E:\ecommerce\backend\middlewares\cors.middleware.js:12:33)
    at E:\ecommerce\backend\node_modules\cors\lib\index.js:219:13
    at optionsCallback (E:\ecommerce\backend\node_modules\cors\lib\index.js:199:9)
    at corsMiddleware (E:\ecommerce\backend\node_modules\cors\lib\index.js:204:7)
    at Layer.handleRequest (E:\ecommerce\backend\node_modules\router\lib\layer.js:152:17)
    at trimPrefix (E:\ecommerce\backend\node_modules\router\index.js:342:13)
    at E:\ecommerce\backend\node_modules\router\index.js:297:9
    at processParams (E:\ecommerce\backend\node_modules\router\index.js:582:12)
    at next (E:\ecommerce\backend\node_modules\router\index.js:291:5)
    at read (E:\ecommerce\backend\node_modules\body-parser\lib\read.js:53:5)
14-05-2026 14:41:51 | ERROR | Error | OPTIONS | /api/v1/auth/register : CORS policy: origin not allowed 
Error: CORS policy: origin not allowed
    at origin (E:\ecommerce\backend\middlewares\cors.middleware.js:12:33)
    at E:\ecommerce\backend\node_modules\cors\lib\index.js:219:13
    at optionsCallback (E:\ecommerce\backend\node_modules\cors\lib\index.js:199:9)
    at corsMiddleware (E:\ecommerce\backend\node_modules\cors\lib\index.js:204:7)
    at Layer.handleRequest (E:\ecommerce\backend\node_modules\router\lib\layer.js:152:17)
    at trimPrefix (E:\ecommerce\backend\node_modules\router\index.js:342:13)
    at E:\ecommerce\backend\node_modules\router\index.js:297:9
    at processParams (E:\ecommerce\backend\node_modules\router\index.js:582:12)
    at next (E:\ecommerce\backend\node_modules\router\index.js:291:5)
    at read (E:\ecommerce\backend\node_modules\body-parser\lib\read.js:53:5)
14-05-2026 14:41:53 | ERROR | Error | OPTIONS | /api/v1/auth/register : CORS policy: origin not allowed 
Error: CORS policy: origin not allowed
    at origin (E:\ecommerce\backend\middlewares\cors.middleware.js:12:33)
    at E:\ecommerce\backend\node_modules\cors\lib\index.js:219:13
    at optionsCallback (E:\ecommerce\backend\node_modules\cors\lib\index.js:199:9)
    at corsMiddleware (E:\ecommerce\backend\node_modules\cors\lib\index.js:204:7)
    at Layer.handleRequest (E:\ecommerce\backend\node_modules\router\lib\layer.js:152:17)
    at trimPrefix (E:\ecommerce\backend\node_modules\router\index.js:342:13)
    at E:\ecommerce\backend\node_modules\router\index.js:297:9
    at processParams (E:\ecommerce\backend\node_modules\router\index.js:582:12)
    at next (E:\ecommerce\backend\node_modules\router\index.js:291:5)
    at read (E:\ecommerce\backend\node_modules\body-parser\lib\read.js:53:5)
14-05-2026 14:41:54 | ERROR | Error | OPTIONS | /api/v1/auth/register : CORS policy: origin not allowed 
Error: CORS policy: origin not allowed
    at origin (E:\ecommerce\backend\middlewares\cors.middleware.js:12:33)
    at E:\ecommerce\backend\node_modules\cors\lib\index.js:219:13
    at optionsCallback (E:\ecommerce\backend\node_modules\cors\lib\index.js:199:9)
    at corsMiddleware (E:\ecommerce\backend\node_modules\cors\lib\index.js:204:7)
    at Layer.handleRequest (E:\ecommerce\backend\node_modules\router\lib\layer.js:152:17)
    at trimPrefix (E:\ecommerce\backend\node_modules\router\index.js:342:13)
    at E:\ecommerce\backend\node_modules\router\index.js:297:9
    at processParams (E:\ecommerce\backend\node_modules\router\index.js:582:12)
    at next (E:\ecommerce\backend\node_modules\router\index.js:291:5)
    at read (E:\ecommerce\backend\node_modules\body-parser\lib\read.js:53:5)
14-05-2026 14:41:54 | ERROR | Error | OPTIONS | /api/v1/auth/register : CORS policy: origin not allowed 
Error: CORS policy: origin not allowed
    at origin (E:\ecommerce\backend\middlewares\cors.middleware.js:12:33)
    at E:\ecommerce\backend\node_modules\cors\lib\index.js:219:13
    at optionsCallback (E:\ecommerce\backend\node_modules\cors\lib\index.js:199:9)
    at corsMiddleware (E:\ecommerce\backend\node_modules\cors\lib\index.js:204:7)
    at Layer.handleRequest (E:\ecommerce\backend\node_modules\router\lib\layer.js:152:17)
    at trimPrefix (E:\ecommerce\backend\node_modules\router\index.js:342:13)
    at E:\ecommerce\backend\node_modules\router\index.js:297:9
    at processParams (E:\ecommerce\backend\node_modules\router\index.js:582:12)
    at next (E:\ecommerce\backend\node_modules\router\index.js:291:5)
    at read (E:\ecommerce\backend\node_modules\body-parser\lib\read.js:53:5)
14-05-2026 14:42:09 | ERROR | Error | OPTIONS | /api/v1/auth/register : CORS policy: origin not allowed 
Error: CORS policy: origin not allowed
    at origin (E:\ecommerce\backend\middlewares\cors.middleware.js:12:33)
    at E:\ecommerce\backend\node_modules\cors\lib\index.js:219:13
    at optionsCallback (E:\ecommerce\backend\node_modules\cors\lib\index.js:199:9)
    at corsMiddleware (E:\ecommerce\backend\node_modules\cors\lib\index.js:204:7)
    at Layer.handleRequest (E:\ecommerce\backend\node_modules\router\lib\layer.js:152:17)
    at trimPrefix (E:\ecommerce\backend\node_modules\router\index.js:342:13)
    at E:\ecommerce\backend\node_modules\router\index.js:297:9
    at processParams (E:\ecommerce\backend\node_modules\router\index.js:582:12)
    at next (E:\ecommerce\backend\node_modules\router\index.js:291:5)
    at read (E:\ecommerce\backend\node_modules\body-parser\lib\read.js:53:5)
14-05-2026 14:42:14 | ERROR | Error | GET | /api/v1/auth/register : Can't find /api/v1/auth/register on this server! 
Error: Can't find /api/v1/auth/register on this server!
    at E:\ecommerce\backend\server.js:34:10
    at Layer.handleRequest (E:\ecommerce\backend\node_modules\router\lib\layer.js:152:17)
    at trimPrefix (E:\ecommerce\backend\node_modules\router\index.js:342:13)
    at E:\ecommerce\backend\node_modules\router\index.js:297:9
    at processParams (E:\ecommerce\backend\node_modules\router\index.js:582:12)
    at next (E:\ecommerce\backend\node_modules\router\index.js:291:5)
    at E:\ecommerce\backend\node_modules\router\index.js:688:15
    at next (E:\ecommerce\backend\node_modules\router\index.js:276:14)
    at Function.handle (E:\ecommerce\backend\node_modules\router\index.js:186:3)
    at router (E:\ecommerce\backend\node_modules\router\index.js:60:12)
14-05-2026 14:42:14 | ERROR | Error | GET | /favicon.ico : Can't find /favicon.ico on this server! 
Error: Can't find /favicon.ico on this server!
    at E:\ecommerce\backend\server.js:34:10
    at Layer.handleRequest (E:\ecommerce\backend\node_modules\router\lib\layer.js:152:17)
    at trimPrefix (E:\ecommerce\backend\node_modules\router\index.js:342:13)
    at E:\ecommerce\backend\node_modules\router\index.js:297:9
    at processParams (E:\ecommerce\backend\node_modules\router\index.js:582:12)
    at next (E:\ecommerce\backend\node_modules\router\index.js:291:5)
    at cors (E:\ecommerce\backend\node_modules\cors\lib\index.js:188:7)
    at E:\ecommerce\backend\node_modules\cors\lib\index.js:224:17
    at origin (E:\ecommerce\backend\middlewares\cors.middleware.js:7:20)
    at E:\ecommerce\backend\node_modules\cors\lib\index.js:219:13
14-05-2026 14:44:27 | ERROR | Error | GET | /api/v1/product : CORS policy: origin not allowed 
Error: CORS policy: origin not allowed
    at origin (E:\ecommerce\backend\middlewares\cors.middleware.js:12:33)
    at E:\ecommerce\backend\node_modules\cors\lib\index.js:219:13
    at optionsCallback (E:\ecommerce\backend\node_modules\cors\lib\index.js:199:9)
    at corsMiddleware (E:\ecommerce\backend\node_modules\cors\lib\index.js:204:7)
    at Layer.handleRequest (E:\ecommerce\backend\node_modules\router\lib\layer.js:152:17)
    at trimPrefix (E:\ecommerce\backend\node_modules\router\index.js:342:13)
    at E:\ecommerce\backend\node_modules\router\index.js:297:9
    at processParams (E:\ecommerce\backend\node_modules\router\index.js:582:12)
    at next (E:\ecommerce\backend\node_modules\router\index.js:291:5)
    at read (E:\ecommerce\backend\node_modules\body-parser\lib\read.js:53:5)
14-05-2026 14:44:42 | ERROR | Error | OPTIONS | /api/v1/auth/login : CORS policy: origin not allowed 
Error: CORS policy: origin not allowed
    at origin (E:\ecommerce\backend\middlewares\cors.middleware.js:12:33)
    at E:\ecommerce\backend\node_modules\cors\lib\index.js:219:13
    at optionsCallback (E:\ecommerce\backend\node_modules\cors\lib\index.js:199:9)
    at corsMiddleware (E:\ecommerce\backend\node_modules\cors\lib\index.js:204:7)
    at Layer.handleRequest (E:\ecommerce\backend\node_modules\router\lib\layer.js:152:17)
    at trimPrefix (E:\ecommerce\backend\node_modules\router\index.js:342:13)
    at E:\ecommerce\backend\node_modules\router\index.js:297:9
    at processParams (E:\ecommerce\backend\node_modules\router\index.js:582:12)
    at next (E:\ecommerce\backend\node_modules\router\index.js:291:5)
    at read (E:\ecommerce\backend\node_modules\body-parser\lib\read.js:53:5)
14-05-2026 14:44:55 | ERROR | Error | OPTIONS | /api/v1/auth/register : CORS policy: origin not allowed 
Error: CORS policy: origin not allowed
    at origin (E:\ecommerce\backend\middlewares\cors.middleware.js:12:33)
    at E:\ecommerce\backend\node_modules\cors\lib\index.js:219:13
    at optionsCallback (E:\ecommerce\backend\node_modules\cors\lib\index.js:199:9)
    at corsMiddleware (E:\ecommerce\backend\node_modules\cors\lib\index.js:204:7)
    at Layer.handleRequest (E:\ecommerce\backend\node_modules\router\lib\layer.js:152:17)
    at trimPrefix (E:\ecommerce\backend\node_modules\router\index.js:342:13)
    at E:\ecommerce\backend\node_modules\router\index.js:297:9
    at processParams (E:\ecommerce\backend\node_modules\router\index.js:582:12)
    at next (E:\ecommerce\backend\node_modules\router\index.js:291:5)
    at read (E:\ecommerce\backend\node_modules\body-parser\lib\read.js:53:5)
14-05-2026 14:44:56 | ERROR | Error | OPTIONS | /api/v1/auth/register : CORS policy: origin not allowed 
Error: CORS policy: origin not allowed
    at origin (E:\ecommerce\backend\middlewares\cors.middleware.js:12:33)
    at E:\ecommerce\backend\node_modules\cors\lib\index.js:219:13
    at optionsCallback (E:\ecommerce\backend\node_modules\cors\lib\index.js:199:9)
    at corsMiddleware (E:\ecommerce\backend\node_modules\cors\lib\index.js:204:7)
    at Layer.handleRequest (E:\ecommerce\backend\node_modules\router\lib\layer.js:152:17)
    at trimPrefix (E:\ecommerce\backend\node_modules\router\index.js:342:13)
    at E:\ecommerce\backend\node_modules\router\index.js:297:9
    at processParams (E:\ecommerce\backend\node_modules\router\index.js:582:12)
    at next (E:\ecommerce\backend\node_modules\router\index.js:291:5)
    at read (E:\ecommerce\backend\node_modules\body-parser\lib\read.js:53:5)
14-05-2026 14:44:56 | ERROR | Error | OPTIONS | /api/v1/auth/register : CORS policy: origin not allowed 
Error: CORS policy: origin not allowed
    at origin (E:\ecommerce\backend\middlewares\cors.middleware.js:12:33)
    at E:\ecommerce\backend\node_modules\cors\lib\index.js:219:13
    at optionsCallback (E:\ecommerce\backend\node_modules\cors\lib\index.js:199:9)
    at corsMiddleware (E:\ecommerce\backend\node_modules\cors\lib\index.js:204:7)
    at Layer.handleRequest (E:\ecommerce\backend\node_modules\router\lib\layer.js:152:17)
    at trimPrefix (E:\ecommerce\backend\node_modules\router\index.js:342:13)
    at E:\ecommerce\backend\node_modules\router\index.js:297:9
    at processParams (E:\ecommerce\backend\node_modules\router\index.js:582:12)
    at next (E:\ecommerce\backend\node_modules\router\index.js:291:5)
    at read (E:\ecommerce\backend\node_modules\body-parser\lib\read.js:53:5)
14-05-2026 14:44:56 | ERROR | Error | OPTIONS | /api/v1/auth/register : CORS policy: origin not allowed 
Error: CORS policy: origin not allowed
    at origin (E:\ecommerce\backend\middlewares\cors.middleware.js:12:33)
    at E:\ecommerce\backend\node_modules\cors\lib\index.js:219:13
    at optionsCallback (E:\ecommerce\backend\node_modules\cors\lib\index.js:199:9)
    at corsMiddleware (E:\ecommerce\backend\node_modules\cors\lib\index.js:204:7)
    at Layer.handleRequest (E:\ecommerce\backend\node_modules\router\lib\layer.js:152:17)
    at trimPrefix (E:\ecommerce\backend\node_modules\router\index.js:342:13)
    at E:\ecommerce\backend\node_modules\router\index.js:297:9
    at processParams (E:\ecommerce\backend\node_modules\router\index.js:582:12)
    at next (E:\ecommerce\backend\node_modules\router\index.js:291:5)
    at read (E:\ecommerce\backend\node_modules\body-parser\lib\read.js:53:5)
14-05-2026 14:44:56 | ERROR | Error | OPTIONS | /api/v1/auth/register : CORS policy: origin not allowed 
Error: CORS policy: origin not allowed
    at origin (E:\ecommerce\backend\middlewares\cors.middleware.js:12:33)
    at E:\ecommerce\backend\node_modules\cors\lib\index.js:219:13
    at optionsCallback (E:\ecommerce\backend\node_modules\cors\lib\index.js:199:9)
    at corsMiddleware (E:\ecommerce\backend\node_modules\cors\lib\index.js:204:7)
    at Layer.handleRequest (E:\ecommerce\backend\node_modules\router\lib\layer.js:152:17)
    at trimPrefix (E:\ecommerce\backend\node_modules\router\index.js:342:13)
    at E:\ecommerce\backend\node_modules\router\index.js:297:9
    at processParams (E:\ecommerce\backend\node_modules\router\index.js:582:12)
    at next (E:\ecommerce\backend\node_modules\router\index.js:291:5)
    at read (E:\ecommerce\backend\node_modules\body-parser\lib\read.js:53:5)
14-05-2026 14:44:56 | ERROR | Error | OPTIONS | /api/v1/auth/register : CORS policy: origin not allowed 
Error: CORS policy: origin not allowed
    at origin (E:\ecommerce\backend\middlewares\cors.middleware.js:12:33)
    at E:\ecommerce\backend\node_modules\cors\lib\index.js:219:13
    at optionsCallback (E:\ecommerce\backend\node_modules\cors\lib\index.js:199:9)
    at corsMiddleware (E:\ecommerce\backend\node_modules\cors\lib\index.js:204:7)
    at Layer.handleRequest (E:\ecommerce\backend\node_modules\router\lib\layer.js:152:17)
    at trimPrefix (E:\ecommerce\backend\node_modules\router\index.js:342:13)
    at E:\ecommerce\backend\node_modules\router\index.js:297:9
    at processParams (E:\ecommerce\backend\node_modules\router\index.js:582:12)
    at next (E:\ecommerce\backend\node_modules\router\index.js:291:5)
    at read (E:\ecommerce\backend\node_modules\body-parser\lib\read.js:53:5)
14-05-2026 14:45:10 | ERROR | Error | OPTIONS | /api/v1/auth/register : CORS policy: origin not allowed 
Error: CORS policy: origin not allowed
    at origin (E:\ecommerce\backend\middlewares\cors.middleware.js:12:33)
    at E:\ecommerce\backend\node_modules\cors\lib\index.js:219:13
    at optionsCallback (E:\ecommerce\backend\node_modules\cors\lib\index.js:199:9)
    at corsMiddleware (E:\ecommerce\backend\node_modules\cors\lib\index.js:204:7)
    at Layer.handleRequest (E:\ecommerce\backend\node_modules\router\lib\layer.js:152:17)
    at trimPrefix (E:\ecommerce\backend\node_modules\router\index.js:342:13)
    at E:\ecommerce\backend\node_modules\router\index.js:297:9
    at processParams (E:\ecommerce\backend\node_modules\router\index.js:582:12)
    at next (E:\ecommerce\backend\node_modules\router\index.js:291:5)
    at read (E:\ecommerce\backend\node_modules\body-parser\lib\read.js:53:5)
14-05-2026 14:45:17 | ERROR | Error | GET | /api/v1/auth/register : Can't find /api/v1/auth/register on this server! 
Error: Can't find /api/v1/auth/register on this server!
    at E:\ecommerce\backend\server.js:34:10
    at Layer.handleRequest (E:\ecommerce\backend\node_modules\router\lib\layer.js:152:17)
    at trimPrefix (E:\ecommerce\backend\node_modules\router\index.js:342:13)
    at E:\ecommerce\backend\node_modules\router\index.js:297:9
    at processParams (E:\ecommerce\backend\node_modules\router\index.js:582:12)
    at next (E:\ecommerce\backend\node_modules\router\index.js:291:5)
    at E:\ecommerce\backend\node_modules\router\index.js:688:15
    at next (E:\ecommerce\backend\node_modules\router\index.js:276:14)
    at Function.handle (E:\ecommerce\backend\node_modules\router\index.js:186:3)
    at router (E:\ecommerce\backend\node_modules\router\index.js:60:12)
14-05-2026 14:59:37 | ERROR | Error | POST | /api/v1/auth/login : Incorrect mobile number or password 
Error: Incorrect mobile number or password
    at E:\ecommerce\backend\controllers\auth.controller.js:52:21
    at process.processTicksAndRejections (node:internal/process/task_queues:105:5)
14-05-2026 15:00:27 | ERROR | Error | POST | /api/v1/auth/login : Incorrect mobile number or password 
Error: Incorrect mobile number or password
    at E:\ecommerce\backend\controllers\auth.controller.js:52:21
14-05-2026 15:00:29 | ERROR | Error | POST | /api/v1/auth/login : Incorrect mobile number or password 
Error: Incorrect mobile number or password
    at E:\ecommerce\backend\controllers\auth.controller.js:52:21
14-05-2026 15:00:30 | ERROR | Error | POST | /api/v1/auth/login : Incorrect mobile number or password 
Error: Incorrect mobile number or password
    at E:\ecommerce\backend\controllers\auth.controller.js:52:21
14-05-2026 15:00:31 | ERROR | Error | POST | /api/v1/auth/login : Incorrect mobile number or password 
Error: Incorrect mobile number or password
    at E:\ecommerce\backend\controllers\auth.controller.js:52:21
14-05-2026 15:00:31 | ERROR | Error | POST | /api/v1/auth/login : Incorrect mobile number or password 
Error: Incorrect mobile number or password
    at E:\ecommerce\backend\controllers\auth.controller.js:52:21
14-05-2026 15:00:31 | ERROR | Error | POST | /api/v1/auth/login : Incorrect mobile number or password 
Error: Incorrect mobile number or password
    at E:\ecommerce\backend\controllers\auth.controller.js:52:21
14-05-2026 15:00:31 | ERROR | Error | POST | /api/v1/auth/login : Incorrect mobile number or password 
Error: Incorrect mobile number or password
    at E:\ecommerce\backend\controllers\auth.controller.js:52:21
14-05-2026 15:00:32 | ERROR | Error | POST | /api/v1/auth/login : Incorrect mobile number or password 
Error: Incorrect mobile number or password
    at E:\ecommerce\backend\controllers\auth.controller.js:52:21
14-05-2026 15:00:33 | ERROR | Error | POST | /api/v1/auth/login : Incorrect mobile number or password 
Error: Incorrect mobile number or password
    at E:\ecommerce\backend\controllers\auth.controller.js:52:21
14-05-2026 15:00:33 | ERROR | Error | POST | /api/v1/auth/login : Incorrect mobile number or password 
Error: Incorrect mobile number or password
    at E:\ecommerce\backend\controllers\auth.controller.js:52:21
14-05-2026 15:00:33 | ERROR | Error | POST | /api/v1/auth/login : Incorrect mobile number or password 
Error: Incorrect mobile number or password
    at E:\ecommerce\backend\controllers\auth.controller.js:52:21
14-05-2026 15:00:57 | ERROR | Error | POST | /api/v1/auth/login : Incorrect mobile number or password 
Error: Incorrect mobile number or password
    at E:\ecommerce\backend\controllers\auth.controller.js:52:21
14-05-2026 15:00:58 | ERROR | Error | POST | /api/v1/auth/login : Incorrect mobile number or password 
Error: Incorrect mobile number or password
    at E:\ecommerce\backend\controllers\auth.controller.js:52:21
14-05-2026 15:00:58 | ERROR | Error | POST | /api/v1/auth/login : Incorrect mobile number or password 
Error: Incorrect mobile number or password
    at E:\ecommerce\backend\controllers\auth.controller.js:52:21
14-05-2026 15:00:58 | ERROR | Error | POST | /api/v1/auth/login : Incorrect mobile number or password 
Error: Incorrect mobile number or password
    at E:\ecommerce\backend\controllers\auth.controller.js:52:21
14-05-2026 15:01:03 | ERROR | Error | POST | /api/v1/auth/login : Incorrect mobile number or password 
Error: Incorrect mobile number or password
    at E:\ecommerce\backend\controllers\auth.controller.js:52:21
14-05-2026 15:01:03 | ERROR | Error | POST | /api/v1/auth/login : Incorrect mobile number or password 
Error: Incorrect mobile number or password
    at E:\ecommerce\backend\controllers\auth.controller.js:52:21
14-05-2026 15:01:03 | ERROR | Error | POST | /api/v1/auth/login : Incorrect mobile number or password 
Error: Incorrect mobile number or password
    at E:\ecommerce\backend\controllers\auth.controller.js:52:21
14-05-2026 15:01:03 | ERROR | Error | POST | /api/v1/auth/login : Incorrect mobile number or password 
Error: Incorrect mobile number or password
    at E:\ecommerce\backend\controllers\auth.controller.js:52:21
14-05-2026 15:01:03 | ERROR | Error | POST | /api/v1/auth/login : Incorrect mobile number or password 
Error: Incorrect mobile number or password
    at E:\ecommerce\backend\controllers\auth.controller.js:52:21
14-05-2026 15:01:04 | ERROR | Error | POST | /api/v1/auth/login : Incorrect mobile number or password 
Error: Incorrect mobile number or password
    at E:\ecommerce\backend\controllers\auth.controller.js:52:21
14-05-2026 15:01:04 | ERROR | Error | POST | /api/v1/auth/login : Incorrect mobile number or password 
Error: Incorrect mobile number or password
    at E:\ecommerce\backend\controllers\auth.controller.js:52:21
14-05-2026 15:01:04 | ERROR | Error | POST | /api/v1/auth/login : Incorrect mobile number or password 
Error: Incorrect mobile number or password
    at E:\ecommerce\backend\controllers\auth.controller.js:52:21
14-05-2026 15:01:04 | ERROR | Error | POST | /api/v1/auth/login : Incorrect mobile number or password 
Error: Incorrect mobile number or password
    at E:\ecommerce\backend\controllers\auth.controller.js:52:21
14-05-2026 15:01:04 | ERROR | Error | POST | /api/v1/auth/login : Incorrect mobile number or password 
Error: Incorrect mobile number or password
    at E:\ecommerce\backend\controllers\auth.controller.js:52:21
14-05-2026 15:01:08 | ERROR | Error | POST | /api/v1/auth/login : Incorrect mobile number or password 
Error: Incorrect mobile number or password
    at E:\ecommerce\backend\controllers\auth.controller.js:52:21
14-05-2026 15:01:08 | ERROR | Error | POST | /api/v1/auth/login : Incorrect mobile number or password 
Error: Incorrect mobile number or password
    at E:\ecommerce\backend\controllers\auth.controller.js:52:21
14-05-2026 15:01:33 | ERROR | Error | POST | /api/v1/auth/login : Incorrect mobile number or password 
Error: Incorrect mobile number or password
    at E:\ecommerce\backend\controllers\auth.controller.js:52:21
14-05-2026 15:01:34 | ERROR | Error | POST | /api/v1/auth/login : Incorrect mobile number or password 
Error: Incorrect mobile number or password
    at E:\ecommerce\backend\controllers\auth.controller.js:52:21
14-05-2026 15:01:34 | ERROR | Error | POST | /api/v1/auth/login : Incorrect mobile number or password 
Error: Incorrect mobile number or password
    at E:\ecommerce\backend\controllers\auth.controller.js:52:21
14-05-2026 15:01:34 | ERROR | Error | POST | /api/v1/auth/login : Incorrect mobile number or password 
Error: Incorrect mobile number or password
    at E:\ecommerce\backend\controllers\auth.controller.js:52:21
14-05-2026 15:01:34 | ERROR | Error | POST | /api/v1/auth/login : Incorrect mobile number or password 
Error: Incorrect mobile number or password
    at E:\ecommerce\backend\controllers\auth.controller.js:52:21
14-05-2026 15:01:34 | ERROR | Error | POST | /api/v1/auth/login : Incorrect mobile number or password 
Error: Incorrect mobile number or password
    at E:\ecommerce\backend\controllers\auth.controller.js:52:21
14-05-2026 15:01:34 | ERROR | Error | POST | /api/v1/auth/login : Incorrect mobile number or password 
Error: Incorrect mobile number or password
    at E:\ecommerce\backend\controllers\auth.controller.js:52:21
14-05-2026 15:01:35 | ERROR | Error | POST | /api/v1/auth/login : Incorrect mobile number or password 
Error: Incorrect mobile number or password
    at E:\ecommerce\backend\controllers\auth.controller.js:52:21
14-05-2026 15:01:50 | ERROR | Error | POST | /api/v1/auth/login : Incorrect mobile number or password 
Error: Incorrect mobile number or password
    at E:\ecommerce\backend\controllers\auth.controller.js:52:21
14-05-2026 15:01:50 | ERROR | Error | POST | /api/v1/auth/login : Incorrect mobile number or password 
Error: Incorrect mobile number or password
    at E:\ecommerce\backend\controllers\auth.controller.js:52:21
14-05-2026 15:03:13 | ERROR | Error | POST | /api/v1/auth/login : Incorrect mobile number or password 
Error: Incorrect mobile number or password
    at E:\ecommerce\backend\controllers\auth.controller.js:52:21
14-05-2026 15:03:14 | ERROR | Error | POST | /api/v1/auth/login : Incorrect mobile number or password 
Error: Incorrect mobile number or password
    at E:\ecommerce\backend\controllers\auth.controller.js:52:21
14-05-2026 15:03:14 | ERROR | Error | POST | /api/v1/auth/login : Incorrect mobile number or password 
Error: Incorrect mobile number or password
    at E:\ecommerce\backend\controllers\auth.controller.js:52:21
14-05-2026 15:03:14 | ERROR | Error | POST | /api/v1/auth/login : Incorrect mobile number or password 
Error: Incorrect mobile number or password
    at E:\ecommerce\backend\controllers\auth.controller.js:52:21
14-05-2026 15:03:14 | ERROR | Error | POST | /api/v1/auth/login : Incorrect mobile number or password 
Error: Incorrect mobile number or password
    at E:\ecommerce\backend\controllers\auth.controller.js:52:21
14-05-2026 15:03:15 | ERROR | Error | POST | /api/v1/auth/login : Incorrect mobile number or password 
Error: Incorrect mobile number or password
    at E:\ecommerce\backend\controllers\auth.controller.js:52:21
14-05-2026 15:03:15 | ERROR | Error | POST | /api/v1/auth/login : Incorrect mobile number or password 
Error: Incorrect mobile number or password
    at E:\ecommerce\backend\controllers\auth.controller.js:52:21
14-05-2026 15:03:15 | ERROR | Error | POST | /api/v1/auth/login : Incorrect mobile number or password 
Error: Incorrect mobile number or password
    at E:\ecommerce\backend\controllers\auth.controller.js:52:21
14-05-2026 15:03:51 | ERROR | Error | POST | /api/v1/auth/login : Incorrect mobile number or password 
Error: Incorrect mobile number or password
    at E:\ecommerce\backend\controllers\auth.controller.js:52:21
    at process.processTicksAndRejections (node:internal/process/task_queues:105:5)
14-05-2026 15:03:51 | ERROR | Error | POST | /api/v1/auth/login : Incorrect mobile number or password 
Error: Incorrect mobile number or password
    at E:\ecommerce\backend\controllers\auth.controller.js:52:21
    at process.processTicksAndRejections (node:internal/process/task_queues:105:5)
14-05-2026 15:03:52 | ERROR | Error | POST | /api/v1/auth/login : Incorrect mobile number or password 
Error: Incorrect mobile number or password
    at E:\ecommerce\backend\controllers\auth.controller.js:52:21
    at process.processTicksAndRejections (node:internal/process/task_queues:105:5)
14-05-2026 15:03:52 | ERROR | Error | POST | /api/v1/auth/login : Incorrect mobile number or password 
Error: Incorrect mobile number or password
    at E:\ecommerce\backend\controllers\auth.controller.js:52:21
    at process.processTicksAndRejections (node:internal/process/task_queues:105:5)
14-05-2026 15:03:52 | ERROR | Error | POST | /api/v1/auth/login : Incorrect mobile number or password 
Error: Incorrect mobile number or password
    at E:\ecommerce\backend\controllers\auth.controller.js:52:21
    at process.processTicksAndRejections (node:internal/process/task_queues:105:5)
17-05-2026 09:07:20 | ERROR | Error | GET | /api/v1/admin/stats : You do not have permission to perform this action 
Error: You do not have permission to perform this action
    at E:\ecommerce\backend\middlewares\auth.middleware.js:30:25
    at Layer.handleRequest (E:\ecommerce\backend\node_modules\router\lib\layer.js:152:17)
    at trimPrefix (E:\ecommerce\backend\node_modules\router\index.js:342:13)
    at E:\ecommerce\backend\node_modules\router\index.js:297:9
    at processParams (E:\ecommerce\backend\node_modules\router\index.js:582:12)
    at next (E:\ecommerce\backend\node_modules\router\index.js:291:5)
    at E:\ecommerce\backend\middlewares\auth.middleware.js:24:5
    at process.processTicksAndRejections (node:internal/process/task_queues:105:5)
17-05-2026 09:07:20 | ERROR | Error | GET | /api/v1/admin/orders : You do not have permission to perform this action 
Error: You do not have permission to perform this action
    at E:\ecommerce\backend\middlewares\auth.middleware.js:30:25
    at Layer.handleRequest (E:\ecommerce\backend\node_modules\router\lib\layer.js:152:17)
    at trimPrefix (E:\ecommerce\backend\node_modules\router\index.js:342:13)
    at E:\ecommerce\backend\node_modules\router\index.js:297:9
    at processParams (E:\ecommerce\backend\node_modules\router\index.js:582:12)
    at next (E:\ecommerce\backend\node_modules\router\index.js:291:5)
    at E:\ecommerce\backend\middlewares\auth.middleware.js:24:5
    at process.processTicksAndRejections (node:internal/process/task_queues:105:5)
17-05-2026 09:07:20 | ERROR | Error | GET | /api/v1/admin/testimonials : You do not have permission to perform this action 
Error: You do not have permission to perform this action
    at E:\ecommerce\backend\middlewares\auth.middleware.js:30:25
    at Layer.handleRequest (E:\ecommerce\backend\node_modules\router\lib\layer.js:152:17)
    at trimPrefix (E:\ecommerce\backend\node_modules\router\index.js:342:13)
    at E:\ecommerce\backend\node_modules\router\index.js:297:9
    at processParams (E:\ecommerce\backend\node_modules\router\index.js:582:12)
    at next (E:\ecommerce\backend\node_modules\router\index.js:291:5)
    at E:\ecommerce\backend\middlewares\auth.middleware.js:24:5
    at process.processTicksAndRejections (node:internal/process/task_queues:105:5)
20-05-2026 09:56:19 | ERROR | Error | GET | /api/v1/admin/stats : You do not have permission to perform this action 
Error: You do not have permission to perform this action
    at E:\ecommerce\backend\middlewares\auth.middleware.js:30:25
    at Layer.handleRequest (E:\ecommerce\backend\node_modules\router\lib\layer.js:152:17)
    at trimPrefix (E:\ecommerce\backend\node_modules\router\index.js:342:13)
    at E:\ecommerce\backend\node_modules\router\index.js:297:9
    at processParams (E:\ecommerce\backend\node_modules\router\index.js:582:12)
    at next (E:\ecommerce\backend\node_modules\router\index.js:291:5)
    at E:\ecommerce\backend\middlewares\auth.middleware.js:24:5
    at process.processTicksAndRejections (node:internal/process/task_queues:105:5)
20-05-2026 09:56:19 | ERROR | Error | GET | /api/v1/admin/orders : You do not have permission to perform this action 
Error: You do not have permission to perform this action
    at E:\ecommerce\backend\middlewares\auth.middleware.js:30:25
    at Layer.handleRequest (E:\ecommerce\backend\node_modules\router\lib\layer.js:152:17)
    at trimPrefix (E:\ecommerce\backend\node_modules\router\index.js:342:13)
    at E:\ecommerce\backend\node_modules\router\index.js:297:9
    at processParams (E:\ecommerce\backend\node_modules\router\index.js:582:12)
    at next (E:\ecommerce\backend\node_modules\router\index.js:291:5)
    at E:\ecommerce\backend\middlewares\auth.middleware.js:24:5
    at process.processTicksAndRejections (node:internal/process/task_queues:105:5)
20-05-2026 09:56:19 | ERROR | Error | GET | /api/v1/admin/testimonials : You do not have permission to perform this action 
Error: You do not have permission to perform this action
    at E:\ecommerce\backend\middlewares\auth.middleware.js:30:25
    at Layer.handleRequest (E:\ecommerce\backend\node_modules\router\lib\layer.js:152:17)
    at trimPrefix (E:\ecommerce\backend\node_modules\router\index.js:342:13)
    at E:\ecommerce\backend\node_modules\router\index.js:297:9
    at processParams (E:\ecommerce\backend\node_modules\router\index.js:582:12)
    at next (E:\ecommerce\backend\node_modules\router\index.js:291:5)
    at E:\ecommerce\backend\middlewares\auth.middleware.js:24:5
    at process.processTicksAndRejections (node:internal/process/task_queues:105:5)
21-05-2026 13:09:41 | ERROR | Error | GET | /uploads/black-hoodie.jpg : Can't find /uploads/black-hoodie.jpg on this server! 
Error: Can't find /uploads/black-hoodie.jpg on this server!
    at E:\ecommerce\backend\server.js:34:10
    at Layer.handleRequest (E:\ecommerce\backend\node_modules\router\lib\layer.js:152:17)
    at trimPrefix (E:\ecommerce\backend\node_modules\router\index.js:342:13)
    at E:\ecommerce\backend\node_modules\router\index.js:297:9
    at processParams (E:\ecommerce\backend\node_modules\router\index.js:582:12)
    at next (E:\ecommerce\backend\node_modules\router\index.js:291:5)
    at SendStream.error (E:\ecommerce\backend\node_modules\serve-static\index.js:120:7)
    at SendStream.emit (node:events:518:28)
    at SendStream.error (E:\ecommerce\backend\node_modules\send\index.js:168:17)
    at SendStream.onStatError (E:\ecommerce\backend\node_modules\send\index.js:315:12)
21-05-2026 13:09:41 | ERROR | Error | GET | /uploads/blue-jeans.jpg : Can't find /uploads/blue-jeans.jpg on this server! 
Error: Can't find /uploads/blue-jeans.jpg on this server!
    at E:\ecommerce\backend\server.js:34:10
    at Layer.handleRequest (E:\ecommerce\backend\node_modules\router\lib\layer.js:152:17)
    at trimPrefix (E:\ecommerce\backend\node_modules\router\index.js:342:13)
    at E:\ecommerce\backend\node_modules\router\index.js:297:9
    at processParams (E:\ecommerce\backend\node_modules\router\index.js:582:12)
    at next (E:\ecommerce\backend\node_modules\router\index.js:291:5)
    at SendStream.error (E:\ecommerce\backend\node_modules\serve-static\index.js:120:7)
    at SendStream.emit (node:events:518:28)
    at SendStream.error (E:\ecommerce\backend\node_modules\send\index.js:168:17)
    at SendStream.onStatError (E:\ecommerce\backend\node_modules\send\index.js:315:12)
21-05-2026 13:09:41 | ERROR | Error | GET | /uploads/floral-dress.jpg : Can't find /uploads/floral-dress.jpg on this server! 
Error: Can't find /uploads/floral-dress.jpg on this server!
    at E:\ecommerce\backend\server.js:34:10
    at Layer.handleRequest (E:\ecommerce\backend\node_modules\router\lib\layer.js:152:17)
    at trimPrefix (E:\ecommerce\backend\node_modules\router\index.js:342:13)
    at E:\ecommerce\backend\node_modules\router\index.js:297:9
    at processParams (E:\ecommerce\backend\node_modules\router\index.js:582:12)
    at next (E:\ecommerce\backend\node_modules\router\index.js:291:5)
    at SendStream.error (E:\ecommerce\backend\node_modules\serve-static\index.js:120:7)
    at SendStream.emit (node:events:518:28)
    at SendStream.error (E:\ecommerce\backend\node_modules\send\index.js:168:17)
    at SendStream.onStatError (E:\ecommerce\backend\node_modules\send\index.js:315:12)
21-05-2026 13:09:41 | ERROR | Error | GET | /uploads/white-tee.jpg : Can't find /uploads/white-tee.jpg on this server! 
Error: Can't find /uploads/white-tee.jpg on this server!
    at E:\ecommerce\backend\server.js:34:10
    at Layer.handleRequest (E:\ecommerce\backend\node_modules\router\lib\layer.js:152:17)
    at trimPrefix (E:\ecommerce\backend\node_modules\router\index.js:342:13)
    at E:\ecommerce\backend\node_modules\router\index.js:297:9
    at processParams (E:\ecommerce\backend\node_modules\router\index.js:582:12)
    at next (E:\ecommerce\backend\node_modules\router\index.js:291:5)
    at SendStream.error (E:\ecommerce\backend\node_modules\serve-static\index.js:120:7)
    at SendStream.emit (node:events:518:28)
    at SendStream.error (E:\ecommerce\backend\node_modules\send\index.js:168:17)
    at SendStream.onStatError (E:\ecommerce\backend\node_modules\send\index.js:315:12)
21-05-2026 13:09:43 | ERROR | Error | GET | /uploads/black-hoodie.jpg : Can't find /uploads/black-hoodie.jpg on this server! 
Error: Can't find /uploads/black-hoodie.jpg on this server!
    at E:\ecommerce\backend\server.js:34:10
    at Layer.handleRequest (E:\ecommerce\backend\node_modules\router\lib\layer.js:152:17)
    at trimPrefix (E:\ecommerce\backend\node_modules\router\index.js:342:13)
    at E:\ecommerce\backend\node_modules\router\index.js:297:9
    at processParams (E:\ecommerce\backend\node_modules\router\index.js:582:12)
    at next (E:\ecommerce\backend\node_modules\router\index.js:291:5)
    at SendStream.error (E:\ecommerce\backend\node_modules\serve-static\index.js:120:7)
    at SendStream.emit (node:events:518:28)
    at SendStream.error (E:\ecommerce\backend\node_modules\send\index.js:168:17)
    at SendStream.onStatError (E:\ecommerce\backend\node_modules\send\index.js:315:12)
21-05-2026 13:09:43 | ERROR | Error | GET | /uploads/blue-jeans.jpg : Can't find /uploads/blue-jeans.jpg on this server! 
Error: Can't find /uploads/blue-jeans.jpg on this server!
    at E:\ecommerce\backend\server.js:34:10
    at Layer.handleRequest (E:\ecommerce\backend\node_modules\router\lib\layer.js:152:17)
    at trimPrefix (E:\ecommerce\backend\node_modules\router\index.js:342:13)
    at E:\ecommerce\backend\node_modules\router\index.js:297:9
    at processParams (E:\ecommerce\backend\node_modules\router\index.js:582:12)
    at next (E:\ecommerce\backend\node_modules\router\index.js:291:5)
    at SendStream.error (E:\ecommerce\backend\node_modules\serve-static\index.js:120:7)
    at SendStream.emit (node:events:518:28)
    at SendStream.error (E:\ecommerce\backend\node_modules\send\index.js:168:17)
    at SendStream.onStatError (E:\ecommerce\backend\node_modules\send\index.js:315:12)
21-05-2026 13:09:43 | ERROR | Error | GET | /uploads/floral-dress.jpg : Can't find /uploads/floral-dress.jpg on this server! 
Error: Can't find /uploads/floral-dress.jpg on this server!
    at E:\ecommerce\backend\server.js:34:10
    at Layer.handleRequest (E:\ecommerce\backend\node_modules\router\lib\layer.js:152:17)
    at trimPrefix (E:\ecommerce\backend\node_modules\router\index.js:342:13)
    at E:\ecommerce\backend\node_modules\router\index.js:297:9
    at processParams (E:\ecommerce\backend\node_modules\router\index.js:582:12)
    at next (E:\ecommerce\backend\node_modules\router\index.js:291:5)
    at SendStream.error (E:\ecommerce\backend\node_modules\serve-static\index.js:120:7)
    at SendStream.emit (node:events:518:28)
    at SendStream.error (E:\ecommerce\backend\node_modules\send\index.js:168:17)
    at SendStream.onStatError (E:\ecommerce\backend\node_modules\send\index.js:315:12)
21-05-2026 13:09:43 | ERROR | Error | GET | /uploads/white-tee.jpg : Can't find /uploads/white-tee.jpg on this server! 
Error: Can't find /uploads/white-tee.jpg on this server!
    at E:\ecommerce\backend\server.js:34:10
    at Layer.handleRequest (E:\ecommerce\backend\node_modules\router\lib\layer.js:152:17)
    at trimPrefix (E:\ecommerce\backend\node_modules\router\index.js:342:13)
    at E:\ecommerce\backend\node_modules\router\index.js:297:9
    at processParams (E:\ecommerce\backend\node_modules\router\index.js:582:12)
    at next (E:\ecommerce\backend\node_modules\router\index.js:291:5)
    at SendStream.error (E:\ecommerce\backend\node_modules\serve-static\index.js:120:7)
    at SendStream.emit (node:events:518:28)
    at SendStream.error (E:\ecommerce\backend\node_modules\send\index.js:168:17)
    at SendStream.onStatError (E:\ecommerce\backend\node_modules\send\index.js:315:12)
21-05-2026 13:11:10 | ERROR | Error | GET | /uploads/black-hoodie.jpg : Can't find /uploads/black-hoodie.jpg on this server! 
Error: Can't find /uploads/black-hoodie.jpg on this server!
    at E:\ecommerce\backend\server.js:34:10
    at Layer.handleRequest (E:\ecommerce\backend\node_modules\router\lib\layer.js:152:17)
    at trimPrefix (E:\ecommerce\backend\node_modules\router\index.js:342:13)
    at E:\ecommerce\backend\node_modules\router\index.js:297:9
    at processParams (E:\ecommerce\backend\node_modules\router\index.js:582:12)
    at next (E:\ecommerce\backend\node_modules\router\index.js:291:5)
    at SendStream.error (E:\ecommerce\backend\node_modules\serve-static\index.js:120:7)
    at SendStream.emit (node:events:518:28)
    at SendStream.error (E:\ecommerce\backend\node_modules\send\index.js:168:17)
    at SendStream.onStatError (E:\ecommerce\backend\node_modules\send\index.js:315:12)
21-05-2026 13:11:10 | ERROR | Error | GET | /uploads/blue-jeans.jpg : Can't find /uploads/blue-jeans.jpg on this server! 
Error: Can't find /uploads/blue-jeans.jpg on this server!
    at E:\ecommerce\backend\server.js:34:10
    at Layer.handleRequest (E:\ecommerce\backend\node_modules\router\lib\layer.js:152:17)
    at trimPrefix (E:\ecommerce\backend\node_modules\router\index.js:342:13)
    at E:\ecommerce\backend\node_modules\router\index.js:297:9
    at processParams (E:\ecommerce\backend\node_modules\router\index.js:582:12)
    at next (E:\ecommerce\backend\node_modules\router\index.js:291:5)
    at SendStream.error (E:\ecommerce\backend\node_modules\serve-static\index.js:120:7)
    at SendStream.emit (node:events:518:28)
    at SendStream.error (E:\ecommerce\backend\node_modules\send\index.js:168:17)
    at SendStream.onStatError (E:\ecommerce\backend\node_modules\send\index.js:315:12)
21-05-2026 13:11:10 | ERROR | Error | GET | /uploads/floral-dress.jpg : Can't find /uploads/floral-dress.jpg on this server! 
Error: Can't find /uploads/floral-dress.jpg on this server!
    at E:\ecommerce\backend\server.js:34:10
    at Layer.handleRequest (E:\ecommerce\backend\node_modules\router\lib\layer.js:152:17)
    at trimPrefix (E:\ecommerce\backend\node_modules\router\index.js:342:13)
    at E:\ecommerce\backend\node_modules\router\index.js:297:9
    at processParams (E:\ecommerce\backend\node_modules\router\index.js:582:12)
    at next (E:\ecommerce\backend\node_modules\router\index.js:291:5)
    at SendStream.error (E:\ecommerce\backend\node_modules\serve-static\index.js:120:7)
    at SendStream.emit (node:events:518:28)
    at SendStream.error (E:\ecommerce\backend\node_modules\send\index.js:168:17)
    at SendStream.onStatError (E:\ecommerce\backend\node_modules\send\index.js:315:12)
21-05-2026 13:11:10 | ERROR | Error | GET | /uploads/white-tee.jpg : Can't find /uploads/white-tee.jpg on this server! 
Error: Can't find /uploads/white-tee.jpg on this server!
    at E:\ecommerce\backend\server.js:34:10
    at Layer.handleRequest (E:\ecommerce\backend\node_modules\router\lib\layer.js:152:17)
    at trimPrefix (E:\ecommerce\backend\node_modules\router\index.js:342:13)
    at E:\ecommerce\backend\node_modules\router\index.js:297:9
    at processParams (E:\ecommerce\backend\node_modules\router\index.js:582:12)
    at next (E:\ecommerce\backend\node_modules\router\index.js:291:5)
    at SendStream.error (E:\ecommerce\backend\node_modules\serve-static\index.js:120:7)
    at SendStream.emit (node:events:518:28)
    at SendStream.error (E:\ecommerce\backend\node_modules\send\index.js:168:17)
    at SendStream.onStatError (E:\ecommerce\backend\node_modules\send\index.js:315:12)
21-05-2026 13:11:10 | ERROR | Error | GET | /uploads/black-hoodie.jpg : Can't find /uploads/black-hoodie.jpg on this server! 
Error: Can't find /uploads/black-hoodie.jpg on this server!
    at E:\ecommerce\backend\server.js:34:10
    at Layer.handleRequest (E:\ecommerce\backend\node_modules\router\lib\layer.js:152:17)
    at trimPrefix (E:\ecommerce\backend\node_modules\router\index.js:342:13)
    at E:\ecommerce\backend\node_modules\router\index.js:297:9
    at processParams (E:\ecommerce\backend\node_modules\router\index.js:582:12)
    at next (E:\ecommerce\backend\node_modules\router\index.js:291:5)
    at SendStream.error (E:\ecommerce\backend\node_modules\serve-static\index.js:120:7)
    at SendStream.emit (node:events:518:28)
    at SendStream.error (E:\ecommerce\backend\node_modules\send\index.js:168:17)
    at SendStream.onStatError (E:\ecommerce\backend\node_modules\send\index.js:315:12)
21-05-2026 13:11:10 | ERROR | Error | GET | /uploads/floral-dress.jpg : Can't find /uploads/floral-dress.jpg on this server! 
Error: Can't find /uploads/floral-dress.jpg on this server!
    at E:\ecommerce\backend\server.js:34:10
    at Layer.handleRequest (E:\ecommerce\backend\node_modules\router\lib\layer.js:152:17)
    at trimPrefix (E:\ecommerce\backend\node_modules\router\index.js:342:13)
    at E:\ecommerce\backend\node_modules\router\index.js:297:9
    at processParams (E:\ecommerce\backend\node_modules\router\index.js:582:12)
    at next (E:\ecommerce\backend\node_modules\router\index.js:291:5)
    at SendStream.error (E:\ecommerce\backend\node_modules\serve-static\index.js:120:7)
    at SendStream.emit (node:events:518:28)
    at SendStream.error (E:\ecommerce\backend\node_modules\send\index.js:168:17)
    at SendStream.onStatError (E:\ecommerce\backend\node_modules\send\index.js:315:12)
21-05-2026 13:11:10 | ERROR | Error | GET | /uploads/blue-jeans.jpg : Can't find /uploads/blue-jeans.jpg on this server! 
Error: Can't find /uploads/blue-jeans.jpg on this server!
    at E:\ecommerce\backend\server.js:34:10
    at Layer.handleRequest (E:\ecommerce\backend\node_modules\router\lib\layer.js:152:17)
    at trimPrefix (E:\ecommerce\backend\node_modules\router\index.js:342:13)
    at E:\ecommerce\backend\node_modules\router\index.js:297:9
    at processParams (E:\ecommerce\backend\node_modules\router\index.js:582:12)
    at next (E:\ecommerce\backend\node_modules\router\index.js:291:5)
    at SendStream.error (E:\ecommerce\backend\node_modules\serve-static\index.js:120:7)
    at SendStream.emit (node:events:518:28)
    at SendStream.error (E:\ecommerce\backend\node_modules\send\index.js:168:17)
    at SendStream.onStatError (E:\ecommerce\backend\node_modules\send\index.js:315:12)
21-05-2026 13:11:10 | ERROR | Error | GET | /uploads/white-tee.jpg : Can't find /uploads/white-tee.jpg on this server! 
Error: Can't find /uploads/white-tee.jpg on this server!
    at E:\ecommerce\backend\server.js:34:10
    at Layer.handleRequest (E:\ecommerce\backend\node_modules\router\lib\layer.js:152:17)
    at trimPrefix (E:\ecommerce\backend\node_modules\router\index.js:342:13)
    at E:\ecommerce\backend\node_modules\router\index.js:297:9
    at processParams (E:\ecommerce\backend\node_modules\router\index.js:582:12)
    at next (E:\ecommerce\backend\node_modules\router\index.js:291:5)
    at SendStream.error (E:\ecommerce\backend\node_modules\serve-static\index.js:120:7)
    at SendStream.emit (node:events:518:28)
    at SendStream.error (E:\ecommerce\backend\node_modules\send\index.js:168:17)
    at SendStream.onStatError (E:\ecommerce\backend\node_modules\send\index.js:315:12)
21-05-2026 13:11:12 | ERROR | Error | GET | /uploads/black-hoodie.jpg : Can't find /uploads/black-hoodie.jpg on this server! 
Error: Can't find /uploads/black-hoodie.jpg on this server!
    at E:\ecommerce\backend\server.js:34:10
    at Layer.handleRequest (E:\ecommerce\backend\node_modules\router\lib\layer.js:152:17)
    at trimPrefix (E:\ecommerce\backend\node_modules\router\index.js:342:13)
    at E:\ecommerce\backend\node_modules\router\index.js:297:9
    at processParams (E:\ecommerce\backend\node_modules\router\index.js:582:12)
    at next (E:\ecommerce\backend\node_modules\router\index.js:291:5)
    at SendStream.error (E:\ecommerce\backend\node_modules\serve-static\index.js:120:7)
    at SendStream.emit (node:events:518:28)
    at SendStream.error (E:\ecommerce\backend\node_modules\send\index.js:168:17)
    at SendStream.onStatError (E:\ecommerce\backend\node_modules\send\index.js:315:12)
21-05-2026 13:11:12 | ERROR | Error | GET | /uploads/blue-jeans.jpg : Can't find /uploads/blue-jeans.jpg on this server! 
Error: Can't find /uploads/blue-jeans.jpg on this server!
    at E:\ecommerce\backend\server.js:34:10
    at Layer.handleRequest (E:\ecommerce\backend\node_modules\router\lib\layer.js:152:17)
    at trimPrefix (E:\ecommerce\backend\node_modules\router\index.js:342:13)
    at E:\ecommerce\backend\node_modules\router\index.js:297:9
    at processParams (E:\ecommerce\backend\node_modules\router\index.js:582:12)
    at next (E:\ecommerce\backend\node_modules\router\index.js:291:5)
    at SendStream.error (E:\ecommerce\backend\node_modules\serve-static\index.js:120:7)
    at SendStream.emit (node:events:518:28)
    at SendStream.error (E:\ecommerce\backend\node_modules\send\index.js:168:17)
    at SendStream.onStatError (E:\ecommerce\backend\node_modules\send\index.js:315:12)
21-05-2026 13:11:12 | ERROR | Error | GET | /uploads/floral-dress.jpg : Can't find /uploads/floral-dress.jpg on this server! 
Error: Can't find /uploads/floral-dress.jpg on this server!
    at E:\ecommerce\backend\server.js:34:10
    at Layer.handleRequest (E:\ecommerce\backend\node_modules\router\lib\layer.js:152:17)
    at trimPrefix (E:\ecommerce\backend\node_modules\router\index.js:342:13)
    at E:\ecommerce\backend\node_modules\router\index.js:297:9
    at processParams (E:\ecommerce\backend\node_modules\router\index.js:582:12)
    at next (E:\ecommerce\backend\node_modules\router\index.js:291:5)
    at SendStream.error (E:\ecommerce\backend\node_modules\serve-static\index.js:120:7)
    at SendStream.emit (node:events:518:28)
    at SendStream.error (E:\ecommerce\backend\node_modules\send\index.js:168:17)
    at SendStream.onStatError (E:\ecommerce\backend\node_modules\send\index.js:315:12)
21-05-2026 13:11:12 | ERROR | Error | GET | /uploads/white-tee.jpg : Can't find /uploads/white-tee.jpg on this server! 
Error: Can't find /uploads/white-tee.jpg on this server!
    at E:\ecommerce\backend\server.js:34:10
    at Layer.handleRequest (E:\ecommerce\backend\node_modules\router\lib\layer.js:152:17)
    at trimPrefix (E:\ecommerce\backend\node_modules\router\index.js:342:13)
    at E:\ecommerce\backend\node_modules\router\index.js:297:9
    at processParams (E:\ecommerce\backend\node_modules\router\index.js:582:12)
    at next (E:\ecommerce\backend\node_modules\router\index.js:291:5)
    at SendStream.error (E:\ecommerce\backend\node_modules\serve-static\index.js:120:7)
    at SendStream.emit (node:events:518:28)
    at SendStream.error (E:\ecommerce\backend\node_modules\send\index.js:168:17)
    at SendStream.onStatError (E:\ecommerce\backend\node_modules\send\index.js:315:12)
21-05-2026 13:11:29 | ERROR | Error | GET | /uploads/floral-dress.jpg : Can't find /uploads/floral-dress.jpg on this server! 
Error: Can't find /uploads/floral-dress.jpg on this server!
    at E:\ecommerce\backend\server.js:34:10
    at Layer.handleRequest (E:\ecommerce\backend\node_modules\router\lib\layer.js:152:17)
    at trimPrefix (E:\ecommerce\backend\node_modules\router\index.js:342:13)
    at E:\ecommerce\backend\node_modules\router\index.js:297:9
    at processParams (E:\ecommerce\backend\node_modules\router\index.js:582:12)
    at next (E:\ecommerce\backend\node_modules\router\index.js:291:5)
    at SendStream.error (E:\ecommerce\backend\node_modules\serve-static\index.js:120:7)
    at SendStream.emit (node:events:518:28)
    at SendStream.error (E:\ecommerce\backend\node_modules\send\index.js:168:17)
    at SendStream.onStatError (E:\ecommerce\backend\node_modules\send\index.js:315:12)
21-05-2026 13:11:29 | ERROR | Error | GET | /uploads/white-tee.jpg : Can't find /uploads/white-tee.jpg on this server! 
Error: Can't find /uploads/white-tee.jpg on this server!
    at E:\ecommerce\backend\server.js:34:10
    at Layer.handleRequest (E:\ecommerce\backend\node_modules\router\lib\layer.js:152:17)
    at trimPrefix (E:\ecommerce\backend\node_modules\router\index.js:342:13)
    at E:\ecommerce\backend\node_modules\router\index.js:297:9
    at processParams (E:\ecommerce\backend\node_modules\router\index.js:582:12)
    at next (E:\ecommerce\backend\node_modules\router\index.js:291:5)
    at SendStream.error (E:\ecommerce\backend\node_modules\serve-static\index.js:120:7)
    at SendStream.emit (node:events:518:28)
    at SendStream.error (E:\ecommerce\backend\node_modules\send\index.js:168:17)
    at SendStream.onStatError (E:\ecommerce\backend\node_modules\send\index.js:315:12)
21-05-2026 13:11:29 | ERROR | Error | GET | /uploads/black-hoodie.jpg : Can't find /uploads/black-hoodie.jpg on this server! 
Error: Can't find /uploads/black-hoodie.jpg on this server!
    at E:\ecommerce\backend\server.js:34:10
    at Layer.handleRequest (E:\ecommerce\backend\node_modules\router\lib\layer.js:152:17)
    at trimPrefix (E:\ecommerce\backend\node_modules\router\index.js:342:13)
    at E:\ecommerce\backend\node_modules\router\index.js:297:9
    at processParams (E:\ecommerce\backend\node_modules\router\index.js:582:12)
    at next (E:\ecommerce\backend\node_modules\router\index.js:291:5)
    at SendStream.error (E:\ecommerce\backend\node_modules\serve-static\index.js:120:7)
    at SendStream.emit (node:events:518:28)
    at SendStream.error (E:\ecommerce\backend\node_modules\send\index.js:168:17)
    at SendStream.onStatError (E:\ecommerce\backend\node_modules\send\index.js:315:12)
21-05-2026 13:11:29 | ERROR | Error | GET | /uploads/blue-jeans.jpg : Can't find /uploads/blue-jeans.jpg on this server! 
Error: Can't find /uploads/blue-jeans.jpg on this server!
    at E:\ecommerce\backend\server.js:34:10
    at Layer.handleRequest (E:\ecommerce\backend\node_modules\router\lib\layer.js:152:17)
    at trimPrefix (E:\ecommerce\backend\node_modules\router\index.js:342:13)
    at E:\ecommerce\backend\node_modules\router\index.js:297:9
    at processParams (E:\ecommerce\backend\node_modules\router\index.js:582:12)
    at next (E:\ecommerce\backend\node_modules\router\index.js:291:5)
    at SendStream.error (E:\ecommerce\backend\node_modules\serve-static\index.js:120:7)
    at SendStream.emit (node:events:518:28)
    at SendStream.error (E:\ecommerce\backend\node_modules\send\index.js:168:17)
    at SendStream.onStatError (E:\ecommerce\backend\node_modules\send\index.js:315:12)
21-05-2026 13:11:30 | ERROR | Error | GET | /uploads/black-hoodie.jpg : Can't find /uploads/black-hoodie.jpg on this server! 
Error: Can't find /uploads/black-hoodie.jpg on this server!
    at E:\ecommerce\backend\server.js:34:10
    at Layer.handleRequest (E:\ecommerce\backend\node_modules\router\lib\layer.js:152:17)
    at trimPrefix (E:\ecommerce\backend\node_modules\router\index.js:342:13)
    at E:\ecommerce\backend\node_modules\router\index.js:297:9
    at processParams (E:\ecommerce\backend\node_modules\router\index.js:582:12)
    at next (E:\ecommerce\backend\node_modules\router\index.js:291:5)
    at SendStream.error (E:\ecommerce\backend\node_modules\serve-static\index.js:120:7)
    at SendStream.emit (node:events:518:28)
    at SendStream.error (E:\ecommerce\backend\node_modules\send\index.js:168:17)
    at SendStream.onStatError (E:\ecommerce\backend\node_modules\send\index.js:315:12)
21-05-2026 13:11:30 | ERROR | Error | GET | /uploads/blue-jeans.jpg : Can't find /uploads/blue-jeans.jpg on this server! 
Error: Can't find /uploads/blue-jeans.jpg on this server!
    at E:\ecommerce\backend\server.js:34:10
    at Layer.handleRequest (E:\ecommerce\backend\node_modules\router\lib\layer.js:152:17)
    at trimPrefix (E:\ecommerce\backend\node_modules\router\index.js:342:13)
    at E:\ecommerce\backend\node_modules\router\index.js:297:9
    at processParams (E:\ecommerce\backend\node_modules\router\index.js:582:12)
    at next (E:\ecommerce\backend\node_modules\router\index.js:291:5)
    at SendStream.error (E:\ecommerce\backend\node_modules\serve-static\index.js:120:7)
    at SendStream.emit (node:events:518:28)
    at SendStream.error (E:\ecommerce\backend\node_modules\send\index.js:168:17)
    at SendStream.onStatError (E:\ecommerce\backend\node_modules\send\index.js:315:12)
21-05-2026 13:11:30 | ERROR | Error | GET | /uploads/white-tee.jpg : Can't find /uploads/white-tee.jpg on this server! 
Error: Can't find /uploads/white-tee.jpg on this server!
    at E:\ecommerce\backend\server.js:34:10
    at Layer.handleRequest (E:\ecommerce\backend\node_modules\router\lib\layer.js:152:17)
    at trimPrefix (E:\ecommerce\backend\node_modules\router\index.js:342:13)
    at E:\ecommerce\backend\node_modules\router\index.js:297:9
    at processParams (E:\ecommerce\backend\node_modules\router\index.js:582:12)
    at next (E:\ecommerce\backend\node_modules\router\index.js:291:5)
    at SendStream.error (E:\ecommerce\backend\node_modules\serve-static\index.js:120:7)
    at SendStream.emit (node:events:518:28)
    at SendStream.error (E:\ecommerce\backend\node_modules\send\index.js:168:17)
    at SendStream.onStatError (E:\ecommerce\backend\node_modules\send\index.js:315:12)
21-05-2026 13:11:30 | ERROR | Error | GET | /uploads/floral-dress.jpg : Can't find /uploads/floral-dress.jpg on this server! 
Error: Can't find /uploads/floral-dress.jpg on this server!
    at E:\ecommerce\backend\server.js:34:10
    at Layer.handleRequest (E:\ecommerce\backend\node_modules\router\lib\layer.js:152:17)
    at trimPrefix (E:\ecommerce\backend\node_modules\router\index.js:342:13)
    at E:\ecommerce\backend\node_modules\router\index.js:297:9
    at processParams (E:\ecommerce\backend\node_modules\router\index.js:582:12)
    at next (E:\ecommerce\backend\node_modules\router\index.js:291:5)
    at SendStream.error (E:\ecommerce\backend\node_modules\serve-static\index.js:120:7)
    at SendStream.emit (node:events:518:28)
    at SendStream.error (E:\ecommerce\backend\node_modules\send\index.js:168:17)
    at SendStream.onStatError (E:\ecommerce\backend\node_modules\send\index.js:315:12)
21-05-2026 13:11:43 | ERROR | Error | GET | /uploads/black-hoodie.jpg : Can't find /uploads/black-hoodie.jpg on this server! 
Error: Can't find /uploads/black-hoodie.jpg on this server!
    at E:\ecommerce\backend\server.js:34:10
    at Layer.handleRequest (E:\ecommerce\backend\node_modules\router\lib\layer.js:152:17)
    at trimPrefix (E:\ecommerce\backend\node_modules\router\index.js:342:13)
    at E:\ecommerce\backend\node_modules\router\index.js:297:9
    at processParams (E:\ecommerce\backend\node_modules\router\index.js:582:12)
    at next (E:\ecommerce\backend\node_modules\router\index.js:291:5)
    at SendStream.error (E:\ecommerce\backend\node_modules\serve-static\index.js:120:7)
    at SendStream.emit (node:events:518:28)
    at SendStream.error (E:\ecommerce\backend\node_modules\send\index.js:168:17)
    at SendStream.onStatError (E:\ecommerce\backend\node_modules\send\index.js:315:12)
21-05-2026 13:11:43 | ERROR | Error | GET | /uploads/blue-jeans.jpg : Can't find /uploads/blue-jeans.jpg on this server! 
Error: Can't find /uploads/blue-jeans.jpg on this server!
    at E:\ecommerce\backend\server.js:34:10
    at Layer.handleRequest (E:\ecommerce\backend\node_modules\router\lib\layer.js:152:17)
    at trimPrefix (E:\ecommerce\backend\node_modules\router\index.js:342:13)
    at E:\ecommerce\backend\node_modules\router\index.js:297:9
    at processParams (E:\ecommerce\backend\node_modules\router\index.js:582:12)
    at next (E:\ecommerce\backend\node_modules\router\index.js:291:5)
    at SendStream.error (E:\ecommerce\backend\node_modules\serve-static\index.js:120:7)
    at SendStream.emit (node:events:518:28)
    at SendStream.error (E:\ecommerce\backend\node_modules\send\index.js:168:17)
    at SendStream.onStatError (E:\ecommerce\backend\node_modules\send\index.js:315:12)
21-05-2026 13:11:43 | ERROR | Error | GET | /uploads/floral-dress.jpg : Can't find /uploads/floral-dress.jpg on this server! 
Error: Can't find /uploads/floral-dress.jpg on this server!
    at E:\ecommerce\backend\server.js:34:10
    at Layer.handleRequest (E:\ecommerce\backend\node_modules\router\lib\layer.js:152:17)
    at trimPrefix (E:\ecommerce\backend\node_modules\router\index.js:342:13)
    at E:\ecommerce\backend\node_modules\router\index.js:297:9
    at processParams (E:\ecommerce\backend\node_modules\router\index.js:582:12)
    at next (E:\ecommerce\backend\node_modules\router\index.js:291:5)
    at SendStream.error (E:\ecommerce\backend\node_modules\serve-static\index.js:120:7)
    at SendStream.emit (node:events:518:28)
    at SendStream.error (E:\ecommerce\backend\node_modules\send\index.js:168:17)
    at SendStream.onStatError (E:\ecommerce\backend\node_modules\send\index.js:315:12)
21-05-2026 13:11:43 | ERROR | Error | GET | /uploads/white-tee.jpg : Can't find /uploads/white-tee.jpg on this server! 
Error: Can't find /uploads/white-tee.jpg on this server!
    at E:\ecommerce\backend\server.js:34:10
    at Layer.handleRequest (E:\ecommerce\backend\node_modules\router\lib\layer.js:152:17)
    at trimPrefix (E:\ecommerce\backend\node_modules\router\index.js:342:13)
    at E:\ecommerce\backend\node_modules\router\index.js:297:9
    at processParams (E:\ecommerce\backend\node_modules\router\index.js:582:12)
    at next (E:\ecommerce\backend\node_modules\router\index.js:291:5)
    at SendStream.error (E:\ecommerce\backend\node_modules\serve-static\index.js:120:7)
    at SendStream.emit (node:events:518:28)
    at SendStream.error (E:\ecommerce\backend\node_modules\send\index.js:168:17)
    at SendStream.onStatError (E:\ecommerce\backend\node_modules\send\index.js:315:12)
21-05-2026 13:11:43 | ERROR | Error | GET | /uploads/black-hoodie.jpg : Can't find /uploads/black-hoodie.jpg on this server! 
Error: Can't find /uploads/black-hoodie.jpg on this server!
    at E:\ecommerce\backend\server.js:34:10
    at Layer.handleRequest (E:\ecommerce\backend\node_modules\router\lib\layer.js:152:17)
    at trimPrefix (E:\ecommerce\backend\node_modules\router\index.js:342:13)
    at E:\ecommerce\backend\node_modules\router\index.js:297:9
    at processParams (E:\ecommerce\backend\node_modules\router\index.js:582:12)
    at next (E:\ecommerce\backend\node_modules\router\index.js:291:5)
    at SendStream.error (E:\ecommerce\backend\node_modules\serve-static\index.js:120:7)
    at SendStream.emit (node:events:518:28)
    at SendStream.error (E:\ecommerce\backend\node_modules\send\index.js:168:17)
    at SendStream.onStatError (E:\ecommerce\backend\node_modules\send\index.js:315:12)
21-05-2026 13:11:43 | ERROR | Error | GET | /uploads/blue-jeans.jpg : Can't find /uploads/blue-jeans.jpg on this server! 
Error: Can't find /uploads/blue-jeans.jpg on this server!
    at E:\ecommerce\backend\server.js:34:10
    at Layer.handleRequest (E:\ecommerce\backend\node_modules\router\lib\layer.js:152:17)
    at trimPrefix (E:\ecommerce\backend\node_modules\router\index.js:342:13)
    at E:\ecommerce\backend\node_modules\router\index.js:297:9
    at processParams (E:\ecommerce\backend\node_modules\router\index.js:582:12)
    at next (E:\ecommerce\backend\node_modules\router\index.js:291:5)
    at SendStream.error (E:\ecommerce\backend\node_modules\serve-static\index.js:120:7)
    at SendStream.emit (node:events:518:28)
    at SendStream.error (E:\ecommerce\backend\node_modules\send\index.js:168:17)
    at SendStream.onStatError (E:\ecommerce\backend\node_modules\send\index.js:315:12)
21-05-2026 13:11:43 | ERROR | Error | GET | /uploads/floral-dress.jpg : Can't find /uploads/floral-dress.jpg on this server! 
Error: Can't find /uploads/floral-dress.jpg on this server!
    at E:\ecommerce\backend\server.js:34:10
    at Layer.handleRequest (E:\ecommerce\backend\node_modules\router\lib\layer.js:152:17)
    at trimPrefix (E:\ecommerce\backend\node_modules\router\index.js:342:13)
    at E:\ecommerce\backend\node_modules\router\index.js:297:9
    at processParams (E:\ecommerce\backend\node_modules\router\index.js:582:12)
    at next (E:\ecommerce\backend\node_modules\router\index.js:291:5)
    at SendStream.error (E:\ecommerce\backend\node_modules\serve-static\index.js:120:7)
    at SendStream.emit (node:events:518:28)
    at SendStream.error (E:\ecommerce\backend\node_modules\send\index.js:168:17)
    at SendStream.onStatError (E:\ecommerce\backend\node_modules\send\index.js:315:12)
21-05-2026 13:11:43 | ERROR | Error | GET | /uploads/white-tee.jpg : Can't find /uploads/white-tee.jpg on this server! 
Error: Can't find /uploads/white-tee.jpg on this server!
    at E:\ecommerce\backend\server.js:34:10
    at Layer.handleRequest (E:\ecommerce\backend\node_modules\router\lib\layer.js:152:17)
    at trimPrefix (E:\ecommerce\backend\node_modules\router\index.js:342:13)
    at E:\ecommerce\backend\node_modules\router\index.js:297:9
    at processParams (E:\ecommerce\backend\node_modules\router\index.js:582:12)
    at next (E:\ecommerce\backend\node_modules\router\index.js:291:5)
    at SendStream.error (E:\ecommerce\backend\node_modules\serve-static\index.js:120:7)
    at SendStream.emit (node:events:518:28)
    at SendStream.error (E:\ecommerce\backend\node_modules\send\index.js:168:17)
    at SendStream.onStatError (E:\ecommerce\backend\node_modules\send\index.js:315:12)
21-05-2026 13:12:04 | ERROR | Error | POST | /api/v1/auth/login : Incorrect mobile number or password 
Error: Incorrect mobile number or password
    at E:\ecommerce\backend\controllers\auth.controller.js:64:21
    at process.processTicksAndRejections (node:internal/process/task_queues:105:5)
21-05-2026 13:12:11 | ERROR | Error | POST | /api/v1/auth/login : Incorrect mobile number or password 
Error: Incorrect mobile number or password
    at E:\ecommerce\backend\controllers\auth.controller.js:64:21
    at process.processTicksAndRejections (node:internal/process/task_queues:105:5)
21-05-2026 13:13:28 | ERROR | Error | GET | /uploads/black-hoodie.jpg : Can't find /uploads/black-hoodie.jpg on this server! 
Error: Can't find /uploads/black-hoodie.jpg on this server!
    at E:\ecommerce\backend\server.js:34:10
    at Layer.handleRequest (E:\ecommerce\backend\node_modules\router\lib\layer.js:152:17)
    at trimPrefix (E:\ecommerce\backend\node_modules\router\index.js:342:13)
    at E:\ecommerce\backend\node_modules\router\index.js:297:9
    at processParams (E:\ecommerce\backend\node_modules\router\index.js:582:12)
    at next (E:\ecommerce\backend\node_modules\router\index.js:291:5)
    at SendStream.error (E:\ecommerce\backend\node_modules\serve-static\index.js:120:7)
    at SendStream.emit (node:events:518:28)
    at SendStream.error (E:\ecommerce\backend\node_modules\send\index.js:168:17)
    at SendStream.onStatError (E:\ecommerce\backend\node_modules\send\index.js:315:12)
21-05-2026 13:13:28 | ERROR | Error | GET | /uploads/blue-jeans.jpg : Can't find /uploads/blue-jeans.jpg on this server! 
Error: Can't find /uploads/blue-jeans.jpg on this server!
    at E:\ecommerce\backend\server.js:34:10
    at Layer.handleRequest (E:\ecommerce\backend\node_modules\router\lib\layer.js:152:17)
    at trimPrefix (E:\ecommerce\backend\node_modules\router\index.js:342:13)
    at E:\ecommerce\backend\node_modules\router\index.js:297:9
    at processParams (E:\ecommerce\backend\node_modules\router\index.js:582:12)
    at next (E:\ecommerce\backend\node_modules\router\index.js:291:5)
    at SendStream.error (E:\ecommerce\backend\node_modules\serve-static\index.js:120:7)
    at SendStream.emit (node:events:518:28)
    at SendStream.error (E:\ecommerce\backend\node_modules\send\index.js:168:17)
    at SendStream.onStatError (E:\ecommerce\backend\node_modules\send\index.js:315:12)
21-05-2026 13:13:28 | ERROR | Error | GET | /uploads/floral-dress.jpg : Can't find /uploads/floral-dress.jpg on this server! 
Error: Can't find /uploads/floral-dress.jpg on this server!
    at E:\ecommerce\backend\server.js:34:10
    at Layer.handleRequest (E:\ecommerce\backend\node_modules\router\lib\layer.js:152:17)
    at trimPrefix (E:\ecommerce\backend\node_modules\router\index.js:342:13)
    at E:\ecommerce\backend\node_modules\router\index.js:297:9
    at processParams (E:\ecommerce\backend\node_modules\router\index.js:582:12)
    at next (E:\ecommerce\backend\node_modules\router\index.js:291:5)
    at SendStream.error (E:\ecommerce\backend\node_modules\serve-static\index.js:120:7)
    at SendStream.emit (node:events:518:28)
    at SendStream.error (E:\ecommerce\backend\node_modules\send\index.js:168:17)
    at SendStream.onStatError (E:\ecommerce\backend\node_modules\send\index.js:315:12)
21-05-2026 13:13:28 | ERROR | Error | GET | /uploads/white-tee.jpg : Can't find /uploads/white-tee.jpg on this server! 
Error: Can't find /uploads/white-tee.jpg on this server!
    at E:\ecommerce\backend\server.js:34:10
    at Layer.handleRequest (E:\ecommerce\backend\node_modules\router\lib\layer.js:152:17)
    at trimPrefix (E:\ecommerce\backend\node_modules\router\index.js:342:13)
    at E:\ecommerce\backend\node_modules\router\index.js:297:9
    at processParams (E:\ecommerce\backend\node_modules\router\index.js:582:12)
    at next (E:\ecommerce\backend\node_modules\router\index.js:291:5)
    at SendStream.error (E:\ecommerce\backend\node_modules\serve-static\index.js:120:7)
    at SendStream.emit (node:events:518:28)
    at SendStream.error (E:\ecommerce\backend\node_modules\send\index.js:168:17)
    at SendStream.onStatError (E:\ecommerce\backend\node_modules\send\index.js:315:12)
21-05-2026 13:14:30 | ERROR | Error | GET | /uploads/black-hoodie.jpg : Can't find /uploads/black-hoodie.jpg on this server! 
Error: Can't find /uploads/black-hoodie.jpg on this server!
    at E:\ecommerce\backend\server.js:34:10
    at Layer.handleRequest (E:\ecommerce\backend\node_modules\router\lib\layer.js:152:17)
    at trimPrefix (E:\ecommerce\backend\node_modules\router\index.js:342:13)
    at E:\ecommerce\backend\node_modules\router\index.js:297:9
    at processParams (E:\ecommerce\backend\node_modules\router\index.js:582:12)
    at next (E:\ecommerce\backend\node_modules\router\index.js:291:5)
    at SendStream.error (E:\ecommerce\backend\node_modules\serve-static\index.js:120:7)
    at SendStream.emit (node:events:518:28)
    at SendStream.error (E:\ecommerce\backend\node_modules\send\index.js:168:17)
    at SendStream.onStatError (E:\ecommerce\backend\node_modules\send\index.js:315:12)
21-05-2026 13:14:30 | ERROR | Error | GET | /uploads/blue-jeans.jpg : Can't find /uploads/blue-jeans.jpg on this server! 
Error: Can't find /uploads/blue-jeans.jpg on this server!
    at E:\ecommerce\backend\server.js:34:10
    at Layer.handleRequest (E:\ecommerce\backend\node_modules\router\lib\layer.js:152:17)
    at trimPrefix (E:\ecommerce\backend\node_modules\router\index.js:342:13)
    at E:\ecommerce\backend\node_modules\router\index.js:297:9
    at processParams (E:\ecommerce\backend\node_modules\router\index.js:582:12)
    at next (E:\ecommerce\backend\node_modules\router\index.js:291:5)
    at SendStream.error (E:\ecommerce\backend\node_modules\serve-static\index.js:120:7)
    at SendStream.emit (node:events:518:28)
    at SendStream.error (E:\ecommerce\backend\node_modules\send\index.js:168:17)
    at SendStream.onStatError (E:\ecommerce\backend\node_modules\send\index.js:315:12)
21-05-2026 13:14:30 | ERROR | Error | GET | /uploads/floral-dress.jpg : Can't find /uploads/floral-dress.jpg on this server! 
Error: Can't find /uploads/floral-dress.jpg on this server!
    at E:\ecommerce\backend\server.js:34:10
    at Layer.handleRequest (E:\ecommerce\backend\node_modules\router\lib\layer.js:152:17)
    at trimPrefix (E:\ecommerce\backend\node_modules\router\index.js:342:13)
    at E:\ecommerce\backend\node_modules\router\index.js:297:9
    at processParams (E:\ecommerce\backend\node_modules\router\index.js:582:12)
    at next (E:\ecommerce\backend\node_modules\router\index.js:291:5)
    at SendStream.error (E:\ecommerce\backend\node_modules\serve-static\index.js:120:7)
    at SendStream.emit (node:events:518:28)
    at SendStream.error (E:\ecommerce\backend\node_modules\send\index.js:168:17)
    at SendStream.onStatError (E:\ecommerce\backend\node_modules\send\index.js:315:12)
21-05-2026 13:14:30 | ERROR | Error | GET | /uploads/white-tee.jpg : Can't find /uploads/white-tee.jpg on this server! 
Error: Can't find /uploads/white-tee.jpg on this server!
    at E:\ecommerce\backend\server.js:34:10
    at Layer.handleRequest (E:\ecommerce\backend\node_modules\router\lib\layer.js:152:17)
    at trimPrefix (E:\ecommerce\backend\node_modules\router\index.js:342:13)
    at E:\ecommerce\backend\node_modules\router\index.js:297:9
    at processParams (E:\ecommerce\backend\node_modules\router\index.js:582:12)
    at next (E:\ecommerce\backend\node_modules\router\index.js:291:5)
    at SendStream.error (E:\ecommerce\backend\node_modules\serve-static\index.js:120:7)
    at SendStream.emit (node:events:518:28)
    at SendStream.error (E:\ecommerce\backend\node_modules\send\index.js:168:17)
    at SendStream.onStatError (E:\ecommerce\backend\node_modules\send\index.js:315:12)
21-05-2026 13:14:35 | ERROR | Error | POST | /api/v1/auth/login : Incorrect mobile number or password 
Error: Incorrect mobile number or password
    at E:\ecommerce\backend\controllers\auth.controller.js:64:21
    at process.processTicksAndRejections (node:internal/process/task_queues:105:5)
21-05-2026 13:14:38 | ERROR | Error | POST | /api/v1/auth/login : Incorrect mobile number or password 
Error: Incorrect mobile number or password
    at E:\ecommerce\backend\controllers\auth.controller.js:64:21
    at process.processTicksAndRejections (node:internal/process/task_queues:105:5)
21-05-2026 13:14:38 | ERROR | Error | POST | /api/v1/auth/login : Incorrect mobile number or password 
Error: Incorrect mobile number or password
    at E:\ecommerce\backend\controllers\auth.controller.js:64:21
    at process.processTicksAndRejections (node:internal/process/task_queues:105:5)
21-05-2026 13:14:50 | ERROR | Error | POST | /api/v1/auth/login : Incorrect mobile number or password 
Error: Incorrect mobile number or password
    at E:\ecommerce\backend\controllers\auth.controller.js:64:21
    at process.processTicksAndRejections (node:internal/process/task_queues:105:5)
21-05-2026 13:14:51 | ERROR | Error | POST | /api/v1/auth/login : Incorrect mobile number or password 
Error: Incorrect mobile number or password
    at E:\ecommerce\backend\controllers\auth.controller.js:64:21
    at process.processTicksAndRejections (node:internal/process/task_queues:105:5)
21-05-2026 13:14:51 | ERROR | Error | POST | /api/v1/auth/login : Incorrect mobile number or password 
Error: Incorrect mobile number or password
    at E:\ecommerce\backend\controllers\auth.controller.js:64:21
    at process.processTicksAndRejections (node:internal/process/task_queues:105:5)
21-05-2026 13:15:07 | ERROR | Error | POST | /api/v1/auth/login : Incorrect mobile number or password 
Error: Incorrect mobile number or password
    at E:\ecommerce\backend\controllers\auth.controller.js:64:21
    at process.processTicksAndRejections (node:internal/process/task_queues:105:5)
21-05-2026 13:15:18 | ERROR | Error | POST | /api/v1/auth/login : Incorrect mobile number or password 
Error: Incorrect mobile number or password
    at E:\ecommerce\backend\controllers\auth.controller.js:64:21
    at process.processTicksAndRejections (node:internal/process/task_queues:105:5)
21-05-2026 13:15:19 | ERROR | Error | POST | /api/v1/auth/login : Incorrect mobile number or password 
Error: Incorrect mobile number or password
    at E:\ecommerce\backend\controllers\auth.controller.js:64:21
    at process.processTicksAndRejections (node:internal/process/task_queues:105:5)
21-05-2026 13:16:31 | ERROR | Error | GET | /uploads/black-hoodie.jpg : Can't find /uploads/black-hoodie.jpg on this server! 
Error: Can't find /uploads/black-hoodie.jpg on this server!
    at E:\ecommerce\backend\server.js:34:10
    at Layer.handleRequest (E:\ecommerce\backend\node_modules\router\lib\layer.js:152:17)
    at trimPrefix (E:\ecommerce\backend\node_modules\router\index.js:342:13)
    at E:\ecommerce\backend\node_modules\router\index.js:297:9
    at processParams (E:\ecommerce\backend\node_modules\router\index.js:582:12)
    at next (E:\ecommerce\backend\node_modules\router\index.js:291:5)
    at SendStream.error (E:\ecommerce\backend\node_modules\serve-static\index.js:120:7)
    at SendStream.emit (node:events:518:28)
    at SendStream.error (E:\ecommerce\backend\node_modules\send\index.js:168:17)
    at SendStream.onStatError (E:\ecommerce\backend\node_modules\send\index.js:315:12)
21-05-2026 13:16:31 | ERROR | Error | GET | /uploads/blue-jeans.jpg : Can't find /uploads/blue-jeans.jpg on this server! 
Error: Can't find /uploads/blue-jeans.jpg on this server!
    at E:\ecommerce\backend\server.js:34:10
    at Layer.handleRequest (E:\ecommerce\backend\node_modules\router\lib\layer.js:152:17)
    at trimPrefix (E:\ecommerce\backend\node_modules\router\index.js:342:13)
    at E:\ecommerce\backend\node_modules\router\index.js:297:9
    at processParams (E:\ecommerce\backend\node_modules\router\index.js:582:12)
    at next (E:\ecommerce\backend\node_modules\router\index.js:291:5)
    at SendStream.error (E:\ecommerce\backend\node_modules\serve-static\index.js:120:7)
    at SendStream.emit (node:events:518:28)
    at SendStream.error (E:\ecommerce\backend\node_modules\send\index.js:168:17)
    at SendStream.onStatError (E:\ecommerce\backend\node_modules\send\index.js:315:12)
21-05-2026 13:16:31 | ERROR | Error | GET | /uploads/floral-dress.jpg : Can't find /uploads/floral-dress.jpg on this server! 
Error: Can't find /uploads/floral-dress.jpg on this server!
    at E:\ecommerce\backend\server.js:34:10
    at Layer.handleRequest (E:\ecommerce\backend\node_modules\router\lib\layer.js:152:17)
    at trimPrefix (E:\ecommerce\backend\node_modules\router\index.js:342:13)
    at E:\ecommerce\backend\node_modules\router\index.js:297:9
    at processParams (E:\ecommerce\backend\node_modules\router\index.js:582:12)
    at next (E:\ecommerce\backend\node_modules\router\index.js:291:5)
    at SendStream.error (E:\ecommerce\backend\node_modules\serve-static\index.js:120:7)
    at SendStream.emit (node:events:518:28)
    at SendStream.error (E:\ecommerce\backend\node_modules\send\index.js:168:17)
    at SendStream.onStatError (E:\ecommerce\backend\node_modules\send\index.js:315:12)
21-05-2026 13:16:31 | ERROR | Error | GET | /uploads/white-tee.jpg : Can't find /uploads/white-tee.jpg on this server! 
Error: Can't find /uploads/white-tee.jpg on this server!
    at E:\ecommerce\backend\server.js:34:10
    at Layer.handleRequest (E:\ecommerce\backend\node_modules\router\lib\layer.js:152:17)
    at trimPrefix (E:\ecommerce\backend\node_modules\router\index.js:342:13)
    at E:\ecommerce\backend\node_modules\router\index.js:297:9
    at processParams (E:\ecommerce\backend\node_modules\router\index.js:582:12)
    at next (E:\ecommerce\backend\node_modules\router\index.js:291:5)
    at SendStream.error (E:\ecommerce\backend\node_modules\serve-static\index.js:120:7)
    at SendStream.emit (node:events:518:28)
    at SendStream.error (E:\ecommerce\backend\node_modules\send\index.js:168:17)
    at SendStream.onStatError (E:\ecommerce\backend\node_modules\send\index.js:315:12)
21-05-2026 13:16:33 | ERROR | Error | GET | /uploads/black-hoodie.jpg : Can't find /uploads/black-hoodie.jpg on this server! 
Error: Can't find /uploads/black-hoodie.jpg on this server!
    at E:\ecommerce\backend\server.js:34:10
    at Layer.handleRequest (E:\ecommerce\backend\node_modules\router\lib\layer.js:152:17)
    at trimPrefix (E:\ecommerce\backend\node_modules\router\index.js:342:13)
    at E:\ecommerce\backend\node_modules\router\index.js:297:9
    at processParams (E:\ecommerce\backend\node_modules\router\index.js:582:12)
    at next (E:\ecommerce\backend\node_modules\router\index.js:291:5)
    at SendStream.error (E:\ecommerce\backend\node_modules\serve-static\index.js:120:7)
    at SendStream.emit (node:events:518:28)
    at SendStream.error (E:\ecommerce\backend\node_modules\send\index.js:168:17)
    at SendStream.onStatError (E:\ecommerce\backend\node_modules\send\index.js:315:12)
21-05-2026 13:16:33 | ERROR | Error | GET | /uploads/blue-jeans.jpg : Can't find /uploads/blue-jeans.jpg on this server! 
Error: Can't find /uploads/blue-jeans.jpg on this server!
    at E:\ecommerce\backend\server.js:34:10
    at Layer.handleRequest (E:\ecommerce\backend\node_modules\router\lib\layer.js:152:17)
    at trimPrefix (E:\ecommerce\backend\node_modules\router\index.js:342:13)
    at E:\ecommerce\backend\node_modules\router\index.js:297:9
    at processParams (E:\ecommerce\backend\node_modules\router\index.js:582:12)
    at next (E:\ecommerce\backend\node_modules\router\index.js:291:5)
    at SendStream.error (E:\ecommerce\backend\node_modules\serve-static\index.js:120:7)
    at SendStream.emit (node:events:518:28)
    at SendStream.error (E:\ecommerce\backend\node_modules\send\index.js:168:17)
    at SendStream.onStatError (E:\ecommerce\backend\node_modules\send\index.js:315:12)
21-05-2026 13:16:33 | ERROR | Error | GET | /uploads/floral-dress.jpg : Can't find /uploads/floral-dress.jpg on this server! 
Error: Can't find /uploads/floral-dress.jpg on this server!
    at E:\ecommerce\backend\server.js:34:10
    at Layer.handleRequest (E:\ecommerce\backend\node_modules\router\lib\layer.js:152:17)
    at trimPrefix (E:\ecommerce\backend\node_modules\router\index.js:342:13)
    at E:\ecommerce\backend\node_modules\router\index.js:297:9
    at processParams (E:\ecommerce\backend\node_modules\router\index.js:582:12)
    at next (E:\ecommerce\backend\node_modules\router\index.js:291:5)
    at SendStream.error (E:\ecommerce\backend\node_modules\serve-static\index.js:120:7)
    at SendStream.emit (node:events:518:28)
    at SendStream.error (E:\ecommerce\backend\node_modules\send\index.js:168:17)
    at SendStream.onStatError (E:\ecommerce\backend\node_modules\send\index.js:315:12)
21-05-2026 13:16:33 | ERROR | Error | GET | /uploads/white-tee.jpg : Can't find /uploads/white-tee.jpg on this server! 
Error: Can't find /uploads/white-tee.jpg on this server!
    at E:\ecommerce\backend\server.js:34:10
    at Layer.handleRequest (E:\ecommerce\backend\node_modules\router\lib\layer.js:152:17)
    at trimPrefix (E:\ecommerce\backend\node_modules\router\index.js:342:13)
    at E:\ecommerce\backend\node_modules\router\index.js:297:9
    at processParams (E:\ecommerce\backend\node_modules\router\index.js:582:12)
    at next (E:\ecommerce\backend\node_modules\router\index.js:291:5)
    at SendStream.error (E:\ecommerce\backend\node_modules\serve-static\index.js:120:7)
    at SendStream.emit (node:events:518:28)
    at SendStream.error (E:\ecommerce\backend\node_modules\send\index.js:168:17)
    at SendStream.onStatError (E:\ecommerce\backend\node_modules\send\index.js:315:12)
21-05-2026 13:17:08 | ERROR | Error | GET | /uploads/black-hoodie.jpg : Can't find /uploads/black-hoodie.jpg on this server! 
Error: Can't find /uploads/black-hoodie.jpg on this server!
    at E:\ecommerce\backend\server.js:34:10
    at Layer.handleRequest (E:\ecommerce\backend\node_modules\router\lib\layer.js:152:17)
    at trimPrefix (E:\ecommerce\backend\node_modules\router\index.js:342:13)
    at E:\ecommerce\backend\node_modules\router\index.js:297:9
    at processParams (E:\ecommerce\backend\node_modules\router\index.js:582:12)
    at next (E:\ecommerce\backend\node_modules\router\index.js:291:5)
    at SendStream.error (E:\ecommerce\backend\node_modules\serve-static\index.js:120:7)
    at SendStream.emit (node:events:518:28)
    at SendStream.error (E:\ecommerce\backend\node_modules\send\index.js:168:17)
    at SendStream.onStatError (E:\ecommerce\backend\node_modules\send\index.js:315:12)
21-05-2026 13:17:08 | ERROR | Error | GET | /uploads/blue-jeans.jpg : Can't find /uploads/blue-jeans.jpg on this server! 
Error: Can't find /uploads/blue-jeans.jpg on this server!
    at E:\ecommerce\backend\server.js:34:10
    at Layer.handleRequest (E:\ecommerce\backend\node_modules\router\lib\layer.js:152:17)
    at trimPrefix (E:\ecommerce\backend\node_modules\router\index.js:342:13)
    at E:\ecommerce\backend\node_modules\router\index.js:297:9
    at processParams (E:\ecommerce\backend\node_modules\router\index.js:582:12)
    at next (E:\ecommerce\backend\node_modules\router\index.js:291:5)
    at SendStream.error (E:\ecommerce\backend\node_modules\serve-static\index.js:120:7)
    at SendStream.emit (node:events:518:28)
    at SendStream.error (E:\ecommerce\backend\node_modules\send\index.js:168:17)
    at SendStream.onStatError (E:\ecommerce\backend\node_modules\send\index.js:315:12)
21-05-2026 13:17:08 | ERROR | Error | GET | /uploads/floral-dress.jpg : Can't find /uploads/floral-dress.jpg on this server! 
Error: Can't find /uploads/floral-dress.jpg on this server!
    at E:\ecommerce\backend\server.js:34:10
    at Layer.handleRequest (E:\ecommerce\backend\node_modules\router\lib\layer.js:152:17)
    at trimPrefix (E:\ecommerce\backend\node_modules\router\index.js:342:13)
    at E:\ecommerce\backend\node_modules\router\index.js:297:9
    at processParams (E:\ecommerce\backend\node_modules\router\index.js:582:12)
    at next (E:\ecommerce\backend\node_modules\router\index.js:291:5)
    at SendStream.error (E:\ecommerce\backend\node_modules\serve-static\index.js:120:7)
    at SendStream.emit (node:events:518:28)
    at SendStream.error (E:\ecommerce\backend\node_modules\send\index.js:168:17)
    at SendStream.onStatError (E:\ecommerce\backend\node_modules\send\index.js:315:12)
21-05-2026 13:17:08 | ERROR | Error | GET | /uploads/white-tee.jpg : Can't find /uploads/white-tee.jpg on this server! 
Error: Can't find /uploads/white-tee.jpg on this server!
    at E:\ecommerce\backend\server.js:34:10
    at Layer.handleRequest (E:\ecommerce\backend\node_modules\router\lib\layer.js:152:17)
    at trimPrefix (E:\ecommerce\backend\node_modules\router\index.js:342:13)
    at E:\ecommerce\backend\node_modules\router\index.js:297:9
    at processParams (E:\ecommerce\backend\node_modules\router\index.js:582:12)
    at next (E:\ecommerce\backend\node_modules\router\index.js:291:5)
    at SendStream.error (E:\ecommerce\backend\node_modules\serve-static\index.js:120:7)
    at SendStream.emit (node:events:518:28)
    at SendStream.error (E:\ecommerce\backend\node_modules\send\index.js:168:17)
    at SendStream.onStatError (E:\ecommerce\backend\node_modules\send\index.js:315:12)
21-05-2026 13:38:16 | ERROR | Error | GET | /uploads/black-hoodie.jpg : Can't find /uploads/black-hoodie.jpg on this server! 
Error: Can't find /uploads/black-hoodie.jpg on this server!
    at E:\ecommerce\backend\server.js:34:10
    at Layer.handleRequest (E:\ecommerce\backend\node_modules\router\lib\layer.js:152:17)
    at trimPrefix (E:\ecommerce\backend\node_modules\router\index.js:342:13)
    at E:\ecommerce\backend\node_modules\router\index.js:297:9
    at processParams (E:\ecommerce\backend\node_modules\router\index.js:582:12)
    at next (E:\ecommerce\backend\node_modules\router\index.js:291:5)
    at SendStream.error (E:\ecommerce\backend\node_modules\serve-static\index.js:120:7)
    at SendStream.emit (node:events:518:28)
    at SendStream.error (E:\ecommerce\backend\node_modules\send\index.js:168:17)
    at SendStream.onStatError (E:\ecommerce\backend\node_modules\send\index.js:315:12)
21-05-2026 13:38:16 | ERROR | Error | GET | /uploads/blue-jeans.jpg : Can't find /uploads/blue-jeans.jpg on this server! 
Error: Can't find /uploads/blue-jeans.jpg on this server!
    at E:\ecommerce\backend\server.js:34:10
    at Layer.handleRequest (E:\ecommerce\backend\node_modules\router\lib\layer.js:152:17)
    at trimPrefix (E:\ecommerce\backend\node_modules\router\index.js:342:13)
    at E:\ecommerce\backend\node_modules\router\index.js:297:9
    at processParams (E:\ecommerce\backend\node_modules\router\index.js:582:12)
    at next (E:\ecommerce\backend\node_modules\router\index.js:291:5)
    at SendStream.error (E:\ecommerce\backend\node_modules\serve-static\index.js:120:7)
    at SendStream.emit (node:events:518:28)
    at SendStream.error (E:\ecommerce\backend\node_modules\send\index.js:168:17)
    at SendStream.onStatError (E:\ecommerce\backend\node_modules\send\index.js:315:12)
21-05-2026 13:38:16 | ERROR | Error | GET | /uploads/floral-dress.jpg : Can't find /uploads/floral-dress.jpg on this server! 
Error: Can't find /uploads/floral-dress.jpg on this server!
    at E:\ecommerce\backend\server.js:34:10
    at Layer.handleRequest (E:\ecommerce\backend\node_modules\router\lib\layer.js:152:17)
    at trimPrefix (E:\ecommerce\backend\node_modules\router\index.js:342:13)
    at E:\ecommerce\backend\node_modules\router\index.js:297:9
    at processParams (E:\ecommerce\backend\node_modules\router\index.js:582:12)
    at next (E:\ecommerce\backend\node_modules\router\index.js:291:5)
    at SendStream.error (E:\ecommerce\backend\node_modules\serve-static\index.js:120:7)
    at SendStream.emit (node:events:518:28)
    at SendStream.error (E:\ecommerce\backend\node_modules\send\index.js:168:17)
    at SendStream.onStatError (E:\ecommerce\backend\node_modules\send\index.js:315:12)
21-05-2026 13:38:16 | ERROR | Error | GET | /uploads/white-tee.jpg : Can't find /uploads/white-tee.jpg on this server! 
Error: Can't find /uploads/white-tee.jpg on this server!
    at E:\ecommerce\backend\server.js:34:10
    at Layer.handleRequest (E:\ecommerce\backend\node_modules\router\lib\layer.js:152:17)
    at trimPrefix (E:\ecommerce\backend\node_modules\router\index.js:342:13)
    at E:\ecommerce\backend\node_modules\router\index.js:297:9
    at processParams (E:\ecommerce\backend\node_modules\router\index.js:582:12)
    at next (E:\ecommerce\backend\node_modules\router\index.js:291:5)
    at SendStream.error (E:\ecommerce\backend\node_modules\serve-static\index.js:120:7)
    at SendStream.emit (node:events:518:28)
    at SendStream.error (E:\ecommerce\backend\node_modules\send\index.js:168:17)
    at SendStream.onStatError (E:\ecommerce\backend\node_modules\send\index.js:315:12)
21-05-2026 13:38:16 | ERROR | Error | GET | /uploads/black-hoodie.jpg : Can't find /uploads/black-hoodie.jpg on this server! 
Error: Can't find /uploads/black-hoodie.jpg on this server!
    at E:\ecommerce\backend\server.js:34:10
    at Layer.handleRequest (E:\ecommerce\backend\node_modules\router\lib\layer.js:152:17)
    at trimPrefix (E:\ecommerce\backend\node_modules\router\index.js:342:13)
    at E:\ecommerce\backend\node_modules\router\index.js:297:9
    at processParams (E:\ecommerce\backend\node_modules\router\index.js:582:12)
    at next (E:\ecommerce\backend\node_modules\router\index.js:291:5)
    at SendStream.error (E:\ecommerce\backend\node_modules\serve-static\index.js:120:7)
    at SendStream.emit (node:events:518:28)
    at SendStream.error (E:\ecommerce\backend\node_modules\send\index.js:168:17)
    at SendStream.onStatError (E:\ecommerce\backend\node_modules\send\index.js:315:12)
21-05-2026 13:38:16 | ERROR | Error | GET | /uploads/blue-jeans.jpg : Can't find /uploads/blue-jeans.jpg on this server! 
Error: Can't find /uploads/blue-jeans.jpg on this server!
    at E:\ecommerce\backend\server.js:34:10
    at Layer.handleRequest (E:\ecommerce\backend\node_modules\router\lib\layer.js:152:17)
    at trimPrefix (E:\ecommerce\backend\node_modules\router\index.js:342:13)
    at E:\ecommerce\backend\node_modules\router\index.js:297:9
    at processParams (E:\ecommerce\backend\node_modules\router\index.js:582:12)
    at next (E:\ecommerce\backend\node_modules\router\index.js:291:5)
    at SendStream.error (E:\ecommerce\backend\node_modules\serve-static\index.js:120:7)
    at SendStream.emit (node:events:518:28)
    at SendStream.error (E:\ecommerce\backend\node_modules\send\index.js:168:17)
    at SendStream.onStatError (E:\ecommerce\backend\node_modules\send\index.js:315:12)
21-05-2026 13:38:16 | ERROR | Error | GET | /uploads/floral-dress.jpg : Can't find /uploads/floral-dress.jpg on this server! 
Error: Can't find /uploads/floral-dress.jpg on this server!
    at E:\ecommerce\backend\server.js:34:10
    at Layer.handleRequest (E:\ecommerce\backend\node_modules\router\lib\layer.js:152:17)
    at trimPrefix (E:\ecommerce\backend\node_modules\router\index.js:342:13)
    at E:\ecommerce\backend\node_modules\router\index.js:297:9
    at processParams (E:\ecommerce\backend\node_modules\router\index.js:582:12)
    at next (E:\ecommerce\backend\node_modules\router\index.js:291:5)
    at SendStream.error (E:\ecommerce\backend\node_modules\serve-static\index.js:120:7)
    at SendStream.emit (node:events:518:28)
    at SendStream.error (E:\ecommerce\backend\node_modules\send\index.js:168:17)
    at SendStream.onStatError (E:\ecommerce\backend\node_modules\send\index.js:315:12)
21-05-2026 13:38:16 | ERROR | Error | GET | /uploads/white-tee.jpg : Can't find /uploads/white-tee.jpg on this server! 
Error: Can't find /uploads/white-tee.jpg on this server!
    at E:\ecommerce\backend\server.js:34:10
    at Layer.handleRequest (E:\ecommerce\backend\node_modules\router\lib\layer.js:152:17)
    at trimPrefix (E:\ecommerce\backend\node_modules\router\index.js:342:13)
    at E:\ecommerce\backend\node_modules\router\index.js:297:9
    at processParams (E:\ecommerce\backend\node_modules\router\index.js:582:12)
    at next (E:\ecommerce\backend\node_modules\router\index.js:291:5)
    at SendStream.error (E:\ecommerce\backend\node_modules\serve-static\index.js:120:7)
    at SendStream.emit (node:events:518:28)
    at SendStream.error (E:\ecommerce\backend\node_modules\send\index.js:168:17)
    at SendStream.onStatError (E:\ecommerce\backend\node_modules\send\index.js:315:12)
21-05-2026 13:49:22 | ERROR | Error | POST | /api/v1/auth/login : Expected property name or '}' in JSON at position 1 (line 1 column 2) 
SyntaxError: Expected property name or '}' in JSON at position 1 (line 1 column 2)
    at JSON.parse (<anonymous>)
    at parse (E:\ecommerce\backend\node_modules\body-parser\lib\types\json.js:72:19)
    at E:\ecommerce\backend\node_modules\body-parser\lib\read.js:162:18
    at AsyncResource.runInAsyncScope (node:async_hooks:214:14)
    at invokeCallback (E:\ecommerce\backend\node_modules\raw-body\index.js:238:16)
    at done (E:\ecommerce\backend\node_modules\raw-body\index.js:227:7)
    at IncomingMessage.onEnd (E:\ecommerce\backend\node_modules\raw-body\index.js:287:7)
    at IncomingMessage.emit (node:events:518:28)
    at endReadableNT (node:internal/streams/readable:1698:12)
    at process.processTicksAndRejections (node:internal/process/task_queues:90:21)
21-05-2026 13:52:28 | ERROR | Error | GET | /api/v1/purchase/orders : The user belonging to this token no longer exists. 
Error: The user belonging to this token no longer exists.
    at E:\ecommerce\backend\middlewares\auth.middleware.js:20:21
    at process.processTicksAndRejections (node:internal/process/task_queues:105:5)
21-05-2026 13:52:58 | ERROR | Error | POST | /api/v1/auth/login : Incorrect mobile number or password 
Error: Incorrect mobile number or password
    at E:\ecommerce\backend\controllers\auth.controller.js:64:21
    at process.processTicksAndRejections (node:internal/process/task_queues:105:5)
21-05-2026 13:55:26 | ERROR | Error | POST | /api/v1/auth/login : Incorrect mobile number or password 
Error: Incorrect mobile number or password
    at E:\ecommerce\backend\controllers\auth.controller.js:64:21
21-05-2026 13:55:28 | ERROR | Error | POST | /api/v1/auth/login : Incorrect mobile number or password 
Error: Incorrect mobile number or password
    at E:\ecommerce\backend\controllers\auth.controller.js:64:21
21-05-2026 13:55:45 | ERROR | Error | POST | /api/v1/auth/login : Incorrect mobile number or password 
Error: Incorrect mobile number or password
    at E:\ecommerce\backend\controllers\auth.controller.js:64:21
    at process.processTicksAndRejections (node:internal/process/task_queues:105:5)
21-05-2026 13:55:46 | ERROR | Error | POST | /api/v1/auth/login : Incorrect mobile number or password 
Error: Incorrect mobile number or password
    at E:\ecommerce\backend\controllers\auth.controller.js:64:21
    at process.processTicksAndRejections (node:internal/process/task_queues:105:5)
21-05-2026 13:56:25 | ERROR | Error | POST | /api/v1/auth/login : Incorrect mobile number or password 
Error: Incorrect mobile number or password
    at E:\ecommerce\backend\controllers\auth.controller.js:64:21
    at process.processTicksAndRejections (node:internal/process/task_queues:105:5)
21-05-2026 13:56:26 | ERROR | Error | POST | /api/v1/auth/login : Incorrect mobile number or password 
Error: Incorrect mobile number or password
    at E:\ecommerce\backend\controllers\auth.controller.js:64:21
    at process.processTicksAndRejections (node:internal/process/task_queues:105:5)
21-05-2026 13:56:41 | ERROR | Error | POST | /api/v1/auth/login : Incorrect mobile number or password 
Error: Incorrect mobile number or password
    at E:\ecommerce\backend\controllers\auth.controller.js:64:21
    at process.processTicksAndRejections (node:internal/process/task_queues:105:5)
21-05-2026 13:56:41 | ERROR | Error | POST | /api/v1/auth/login : Incorrect mobile number or password 
Error: Incorrect mobile number or password
    at E:\ecommerce\backend\controllers\auth.controller.js:64:21
    at process.processTicksAndRejections (node:internal/process/task_queues:105:5)
21-05-2026 13:56:42 | ERROR | Error | POST | /api/v1/auth/login : Incorrect mobile number or password 
Error: Incorrect mobile number or password
    at E:\ecommerce\backend\controllers\auth.controller.js:64:21
    at process.processTicksAndRejections (node:internal/process/task_queues:105:5)
21-05-2026 13:56:42 | ERROR | Error | POST | /api/v1/auth/login : Incorrect mobile number or password 
Error: Incorrect mobile number or password
    at E:\ecommerce\backend\controllers\auth.controller.js:64:21
    at process.processTicksAndRejections (node:internal/process/task_queues:105:5)
21-05-2026 13:57:15 | ERROR | Error | POST | /api/v1/auth/login : Incorrect mobile number or password 
Error: Incorrect mobile number or password
    at E:\ecommerce\backend\controllers\auth.controller.js:64:21
    at process.processTicksAndRejections (node:internal/process/task_queues:105:5)
21-05-2026 13:57:19 | ERROR | Error | POST | /api/v1/auth/login : Incorrect mobile number or password 
Error: Incorrect mobile number or password
    at E:\ecommerce\backend\controllers\auth.controller.js:64:21
    at process.processTicksAndRejections (node:internal/process/task_queues:105:5)
21-05-2026 14:00:36 | ERROR | Error | POST | /api/v1/auth/login : Incorrect mobile number or password 
Error: Incorrect mobile number or password
    at E:\ecommerce\backend\controllers\auth.controller.js:64:21
    at process.processTicksAndRejections (node:internal/process/task_queues:105:5)
21-05-2026 14:03:23 | ERROR | Error | POST | /api/v1/testimonials : Testimonial validation failed: comment: Path `comment` (`dwsdfsd`, length 7) is shorter than the minimum allowed length (10). 
ValidationError: Testimonial validation failed: comment: Path `comment` (`dwsdfsd`, length 7) is shorter than the minimum allowed length (10).
    at model.validate (E:\ecommerce\backend\node_modules\mongoose\lib\document.js:2864:36)
    at process.processTicksAndRejections (node:internal/process/task_queues:105:5)
    at async model.$__save (E:\ecommerce\backend\node_modules\mongoose\lib\model.js:393:7)
    at async model.save (E:\ecommerce\backend\node_modules\mongoose\lib\model.js:667:5)
    at async Function.create (E:\ecommerce\backend\node_modules\mongoose\lib\model.js:2747:5)
    at async E:\ecommerce\backend\controllers\testimonial.controller.js:15:25
21-05-2026 14:43:50 | ERROR | Error | POST | /api/v1/testimonials : Testimonial validation failed: comment: Path `comment` (`edwsfsdf`, length 8) is shorter than the minimum allowed length (10). 
ValidationError: Testimonial validation failed: comment: Path `comment` (`edwsfsdf`, length 8) is shorter than the minimum allowed length (10).
    at model.validate (E:\ecommerce\backend\node_modules\mongoose\lib\document.js:2864:36)
    at process.processTicksAndRejections (node:internal/process/task_queues:105:5)
    at async model.$__save (E:\ecommerce\backend\node_modules\mongoose\lib\model.js:393:7)
    at async model.save (E:\ecommerce\backend\node_modules\mongoose\lib\model.js:667:5)
    at async Function.create (E:\ecommerce\backend\node_modules\mongoose\lib\model.js:2747:5)
    at async E:\ecommerce\backend\controllers\testimonial.controller.js:15:25
21-05-2026 15:01:10 | ERROR | Error | GET | /api/v1/product/new-arrivals : CORS policy: origin not allowed 
Error: CORS policy: origin not allowed
    at origin (E:\ecommerce\backend\middlewares\cors.middleware.js:12:33)
    at E:\ecommerce\backend\node_modules\cors\lib\index.js:219:13
    at optionsCallback (E:\ecommerce\backend\node_modules\cors\lib\index.js:199:9)
    at corsMiddleware (E:\ecommerce\backend\node_modules\cors\lib\index.js:204:7)
    at Layer.handleRequest (E:\ecommerce\backend\node_modules\router\lib\layer.js:152:17)
    at trimPrefix (E:\ecommerce\backend\node_modules\router\index.js:342:13)
    at E:\ecommerce\backend\node_modules\router\index.js:297:9
    at processParams (E:\ecommerce\backend\node_modules\router\index.js:582:12)
    at next (E:\ecommerce\backend\node_modules\router\index.js:291:5)
    at read (E:\ecommerce\backend\node_modules\body-parser\lib\read.js:53:5)
21-05-2026 15:01:10 | ERROR | Error | GET | /api/v1/product/best-sellers : CORS policy: origin not allowed 
Error: CORS policy: origin not allowed
    at origin (E:\ecommerce\backend\middlewares\cors.middleware.js:12:33)
    at E:\ecommerce\backend\node_modules\cors\lib\index.js:219:13
    at optionsCallback (E:\ecommerce\backend\node_modules\cors\lib\index.js:199:9)
    at corsMiddleware (E:\ecommerce\backend\node_modules\cors\lib\index.js:204:7)
    at Layer.handleRequest (E:\ecommerce\backend\node_modules\router\lib\layer.js:152:17)
    at trimPrefix (E:\ecommerce\backend\node_modules\router\index.js:342:13)
    at E:\ecommerce\backend\node_modules\router\index.js:297:9
    at processParams (E:\ecommerce\backend\node_modules\router\index.js:582:12)
    at next (E:\ecommerce\backend\node_modules\router\index.js:291:5)
    at read (E:\ecommerce\backend\node_modules\body-parser\lib\read.js:53:5)
21-05-2026 15:01:10 | ERROR | Error | GET | /api/v1/testimonials : CORS policy: origin not allowed 
Error: CORS policy: origin not allowed
    at origin (E:\ecommerce\backend\middlewares\cors.middleware.js:12:33)
    at E:\ecommerce\backend\node_modules\cors\lib\index.js:219:13
    at optionsCallback (E:\ecommerce\backend\node_modules\cors\lib\index.js:199:9)
    at corsMiddleware (E:\ecommerce\backend\node_modules\cors\lib\index.js:204:7)
    at Layer.handleRequest (E:\ecommerce\backend\node_modules\router\lib\layer.js:152:17)
    at trimPrefix (E:\ecommerce\backend\node_modules\router\index.js:342:13)
    at E:\ecommerce\backend\node_modules\router\index.js:297:9
    at processParams (E:\ecommerce\backend\node_modules\router\index.js:582:12)
    at next (E:\ecommerce\backend\node_modules\router\index.js:291:5)
    at read (E:\ecommerce\backend\node_modules\body-parser\lib\read.js:53:5)
21-05-2026 15:01:25 | ERROR | Error | GET | /api/v1/product/new-arrivals : CORS policy: origin not allowed 
Error: CORS policy: origin not allowed
    at origin (E:\ecommerce\backend\middlewares\cors.middleware.js:12:33)
    at E:\ecommerce\backend\node_modules\cors\lib\index.js:219:13
    at optionsCallback (E:\ecommerce\backend\node_modules\cors\lib\index.js:199:9)
    at corsMiddleware (E:\ecommerce\backend\node_modules\cors\lib\index.js:204:7)
    at Layer.handleRequest (E:\ecommerce\backend\node_modules\router\lib\layer.js:152:17)
    at trimPrefix (E:\ecommerce\backend\node_modules\router\index.js:342:13)
    at E:\ecommerce\backend\node_modules\router\index.js:297:9
    at processParams (E:\ecommerce\backend\node_modules\router\index.js:582:12)
    at next (E:\ecommerce\backend\node_modules\router\index.js:291:5)
    at read (E:\ecommerce\backend\node_modules\body-parser\lib\read.js:53:5)
21-05-2026 15:01:25 | ERROR | Error | GET | /api/v1/product/best-sellers : CORS policy: origin not allowed 
Error: CORS policy: origin not allowed
    at origin (E:\ecommerce\backend\middlewares\cors.middleware.js:12:33)
    at E:\ecommerce\backend\node_modules\cors\lib\index.js:219:13
    at optionsCallback (E:\ecommerce\backend\node_modules\cors\lib\index.js:199:9)
    at corsMiddleware (E:\ecommerce\backend\node_modules\cors\lib\index.js:204:7)
    at Layer.handleRequest (E:\ecommerce\backend\node_modules\router\lib\layer.js:152:17)
    at trimPrefix (E:\ecommerce\backend\node_modules\router\index.js:342:13)
    at E:\ecommerce\backend\node_modules\router\index.js:297:9
    at processParams (E:\ecommerce\backend\node_modules\router\index.js:582:12)
    at next (E:\ecommerce\backend\node_modules\router\index.js:291:5)
    at read (E:\ecommerce\backend\node_modules\body-parser\lib\read.js:53:5)
21-05-2026 15:01:25 | ERROR | Error | GET | /api/v1/testimonials : CORS policy: origin not allowed 
Error: CORS policy: origin not allowed
    at origin (E:\ecommerce\backend\middlewares\cors.middleware.js:12:33)
    at E:\ecommerce\backend\node_modules\cors\lib\index.js:219:13
    at optionsCallback (E:\ecommerce\backend\node_modules\cors\lib\index.js:199:9)
    at corsMiddleware (E:\ecommerce\backend\node_modules\cors\lib\index.js:204:7)
    at Layer.handleRequest (E:\ecommerce\backend\node_modules\router\lib\layer.js:152:17)
    at trimPrefix (E:\ecommerce\backend\node_modules\router\index.js:342:13)
    at E:\ecommerce\backend\node_modules\router\index.js:297:9
    at processParams (E:\ecommerce\backend\node_modules\router\index.js:582:12)
    at next (E:\ecommerce\backend\node_modules\router\index.js:291:5)
    at read (E:\ecommerce\backend\node_modules\body-parser\lib\read.js:53:5)
21-05-2026 15:01:38 | ERROR | Error | GET | /api/v1/product/new-arrivals : CORS policy: origin not allowed 
Error: CORS policy: origin not allowed
    at origin (E:\ecommerce\backend\middlewares\cors.middleware.js:12:33)
    at E:\ecommerce\backend\node_modules\cors\lib\index.js:219:13
    at optionsCallback (E:\ecommerce\backend\node_modules\cors\lib\index.js:199:9)
    at corsMiddleware (E:\ecommerce\backend\node_modules\cors\lib\index.js:204:7)
    at Layer.handleRequest (E:\ecommerce\backend\node_modules\router\lib\layer.js:152:17)
    at trimPrefix (E:\ecommerce\backend\node_modules\router\index.js:342:13)
    at E:\ecommerce\backend\node_modules\router\index.js:297:9
    at processParams (E:\ecommerce\backend\node_modules\router\index.js:582:12)
    at next (E:\ecommerce\backend\node_modules\router\index.js:291:5)
    at read (E:\ecommerce\backend\node_modules\body-parser\lib\read.js:53:5)
21-05-2026 15:01:38 | ERROR | Error | GET | /api/v1/testimonials : CORS policy: origin not allowed 
Error: CORS policy: origin not allowed
    at origin (E:\ecommerce\backend\middlewares\cors.middleware.js:12:33)
    at E:\ecommerce\backend\node_modules\cors\lib\index.js:219:13
    at optionsCallback (E:\ecommerce\backend\node_modules\cors\lib\index.js:199:9)
    at corsMiddleware (E:\ecommerce\backend\node_modules\cors\lib\index.js:204:7)
    at Layer.handleRequest (E:\ecommerce\backend\node_modules\router\lib\layer.js:152:17)
    at trimPrefix (E:\ecommerce\backend\node_modules\router\index.js:342:13)
    at E:\ecommerce\backend\node_modules\router\index.js:297:9
    at processParams (E:\ecommerce\backend\node_modules\router\index.js:582:12)
    at next (E:\ecommerce\backend\node_modules\router\index.js:291:5)
    at read (E:\ecommerce\backend\node_modules\body-parser\lib\read.js:53:5)
21-05-2026 15:01:38 | ERROR | Error | GET | /api/v1/product/best-sellers : CORS policy: origin not allowed 
Error: CORS policy: origin not allowed
    at origin (E:\ecommerce\backend\middlewares\cors.middleware.js:12:33)
    at E:\ecommerce\backend\node_modules\cors\lib\index.js:219:13
    at optionsCallback (E:\ecommerce\backend\node_modules\cors\lib\index.js:199:9)
    at corsMiddleware (E:\ecommerce\backend\node_modules\cors\lib\index.js:204:7)
    at Layer.handleRequest (E:\ecommerce\backend\node_modules\router\lib\layer.js:152:17)
    at trimPrefix (E:\ecommerce\backend\node_modules\router\index.js:342:13)
    at E:\ecommerce\backend\node_modules\router\index.js:297:9
    at processParams (E:\ecommerce\backend\node_modules\router\index.js:582:12)
    at next (E:\ecommerce\backend\node_modules\router\index.js:291:5)
    at read (E:\ecommerce\backend\node_modules\body-parser\lib\read.js:53:5)
21-05-2026 15:01:55 | ERROR | Error | OPTIONS | /api/v1/auth/login : CORS policy: origin not allowed 
Error: CORS policy: origin not allowed
    at origin (E:\ecommerce\backend\middlewares\cors.middleware.js:12:33)
    at E:\ecommerce\backend\node_modules\cors\lib\index.js:219:13
    at optionsCallback (E:\ecommerce\backend\node_modules\cors\lib\index.js:199:9)
    at corsMiddleware (E:\ecommerce\backend\node_modules\cors\lib\index.js:204:7)
    at Layer.handleRequest (E:\ecommerce\backend\node_modules\router\lib\layer.js:152:17)
    at trimPrefix (E:\ecommerce\backend\node_modules\router\index.js:342:13)
    at E:\ecommerce\backend\node_modules\router\index.js:297:9
    at processParams (E:\ecommerce\backend\node_modules\router\index.js:582:12)
    at next (E:\ecommerce\backend\node_modules\router\index.js:291:5)
    at read (E:\ecommerce\backend\node_modules\body-parser\lib\read.js:53:5)
21-05-2026 15:01:58 | ERROR | Error | OPTIONS | /api/v1/auth/login : CORS policy: origin not allowed 
Error: CORS policy: origin not allowed
    at origin (E:\ecommerce\backend\middlewares\cors.middleware.js:12:33)
    at E:\ecommerce\backend\node_modules\cors\lib\index.js:219:13
    at optionsCallback (E:\ecommerce\backend\node_modules\cors\lib\index.js:199:9)
    at corsMiddleware (E:\ecommerce\backend\node_modules\cors\lib\index.js:204:7)
    at Layer.handleRequest (E:\ecommerce\backend\node_modules\router\lib\layer.js:152:17)
    at trimPrefix (E:\ecommerce\backend\node_modules\router\index.js:342:13)
    at E:\ecommerce\backend\node_modules\router\index.js:297:9
    at processParams (E:\ecommerce\backend\node_modules\router\index.js:582:12)
    at next (E:\ecommerce\backend\node_modules\router\index.js:291:5)
    at read (E:\ecommerce\backend\node_modules\body-parser\lib\read.js:53:5)
21-05-2026 15:02:02 | ERROR | Error | OPTIONS | /api/v1/auth/login : CORS policy: origin not allowed 
Error: CORS policy: origin not allowed
    at origin (E:\ecommerce\backend\middlewares\cors.middleware.js:12:33)
    at E:\ecommerce\backend\node_modules\cors\lib\index.js:219:13
    at optionsCallback (E:\ecommerce\backend\node_modules\cors\lib\index.js:199:9)
    at corsMiddleware (E:\ecommerce\backend\node_modules\cors\lib\index.js:204:7)
    at Layer.handleRequest (E:\ecommerce\backend\node_modules\router\lib\layer.js:152:17)
    at trimPrefix (E:\ecommerce\backend\node_modules\router\index.js:342:13)
    at E:\ecommerce\backend\node_modules\router\index.js:297:9
    at processParams (E:\ecommerce\backend\node_modules\router\index.js:582:12)
    at next (E:\ecommerce\backend\node_modules\router\index.js:291:5)
    at read (E:\ecommerce\backend\node_modules\body-parser\lib\read.js:53:5)
21-05-2026 15:02:07 | ERROR | Error | OPTIONS | /api/v1/auth/login : CORS policy: origin not allowed 
Error: CORS policy: origin not allowed
    at origin (E:\ecommerce\backend\middlewares\cors.middleware.js:12:33)
    at E:\ecommerce\backend\node_modules\cors\lib\index.js:219:13
    at optionsCallback (E:\ecommerce\backend\node_modules\cors\lib\index.js:199:9)
    at corsMiddleware (E:\ecommerce\backend\node_modules\cors\lib\index.js:204:7)
    at Layer.handleRequest (E:\ecommerce\backend\node_modules\router\lib\layer.js:152:17)
    at trimPrefix (E:\ecommerce\backend\node_modules\router\index.js:342:13)
    at E:\ecommerce\backend\node_modules\router\index.js:297:9
    at processParams (E:\ecommerce\backend\node_modules\router\index.js:582:12)
    at next (E:\ecommerce\backend\node_modules\router\index.js:291:5)
    at read (E:\ecommerce\backend\node_modules\body-parser\lib\read.js:53:5)
21-05-2026 15:02:08 | ERROR | Error | OPTIONS | /api/v1/auth/login : CORS policy: origin not allowed 
Error: CORS policy: origin not allowed
    at origin (E:\ecommerce\backend\middlewares\cors.middleware.js:12:33)
    at E:\ecommerce\backend\node_modules\cors\lib\index.js:219:13
    at optionsCallback (E:\ecommerce\backend\node_modules\cors\lib\index.js:199:9)
    at corsMiddleware (E:\ecommerce\backend\node_modules\cors\lib\index.js:204:7)
    at Layer.handleRequest (E:\ecommerce\backend\node_modules\router\lib\layer.js:152:17)
    at trimPrefix (E:\ecommerce\backend\node_modules\router\index.js:342:13)
    at E:\ecommerce\backend\node_modules\router\index.js:297:9
    at processParams (E:\ecommerce\backend\node_modules\router\index.js:582:12)
    at next (E:\ecommerce\backend\node_modules\router\index.js:291:5)
    at read (E:\ecommerce\backend\node_modules\body-parser\lib\read.js:53:5)
21-05-2026 15:07:50 | ERROR | Error | GET | /api/v1/product/new-arrivals : CORS policy: origin not allowed 
Error: CORS policy: origin not allowed
    at origin (E:\ecommerce\backend\middlewares\cors.middleware.js:12:33)
    at E:\ecommerce\backend\node_modules\cors\lib\index.js:219:13
    at optionsCallback (E:\ecommerce\backend\node_modules\cors\lib\index.js:199:9)
    at corsMiddleware (E:\ecommerce\backend\node_modules\cors\lib\index.js:204:7)
    at Layer.handleRequest (E:\ecommerce\backend\node_modules\router\lib\layer.js:152:17)
    at trimPrefix (E:\ecommerce\backend\node_modules\router\index.js:342:13)
    at E:\ecommerce\backend\node_modules\router\index.js:297:9
    at processParams (E:\ecommerce\backend\node_modules\router\index.js:582:12)
    at next (E:\ecommerce\backend\node_modules\router\index.js:291:5)
    at read (E:\ecommerce\backend\node_modules\body-parser\lib\read.js:53:5)
21-05-2026 15:07:50 | ERROR | Error | GET | /api/v1/product/best-sellers : CORS policy: origin not allowed 
Error: CORS policy: origin not allowed
    at origin (E:\ecommerce\backend\middlewares\cors.middleware.js:12:33)
    at E:\ecommerce\backend\node_modules\cors\lib\index.js:219:13
    at optionsCallback (E:\ecommerce\backend\node_modules\cors\lib\index.js:199:9)
    at corsMiddleware (E:\ecommerce\backend\node_modules\cors\lib\index.js:204:7)
    at Layer.handleRequest (E:\ecommerce\backend\node_modules\router\lib\layer.js:152:17)
    at trimPrefix (E:\ecommerce\backend\node_modules\router\index.js:342:13)
    at E:\ecommerce\backend\node_modules\router\index.js:297:9
    at processParams (E:\ecommerce\backend\node_modules\router\index.js:582:12)
    at next (E:\ecommerce\backend\node_modules\router\index.js:291:5)
    at read (E:\ecommerce\backend\node_modules\body-parser\lib\read.js:53:5)
21-05-2026 15:07:50 | ERROR | Error | GET | /api/v1/testimonials : CORS policy: origin not allowed 
Error: CORS policy: origin not allowed
    at origin (E:\ecommerce\backend\middlewares\cors.middleware.js:12:33)
    at E:\ecommerce\backend\node_modules\cors\lib\index.js:219:13
    at optionsCallback (E:\ecommerce\backend\node_modules\cors\lib\index.js:199:9)
    at corsMiddleware (E:\ecommerce\backend\node_modules\cors\lib\index.js:204:7)
    at Layer.handleRequest (E:\ecommerce\backend\node_modules\router\lib\layer.js:152:17)
    at trimPrefix (E:\ecommerce\backend\node_modules\router\index.js:342:13)
    at E:\ecommerce\backend\node_modules\router\index.js:297:9
    at processParams (E:\ecommerce\backend\node_modules\router\index.js:582:12)
    at next (E:\ecommerce\backend\node_modules\router\index.js:291:5)
    at read (E:\ecommerce\backend\node_modules\body-parser\lib\read.js:53:5)
21-05-2026 15:10:01 | ERROR | Error | GET | /api/v1/product/new-arrivals : CORS policy: origin not allowed 
Error: CORS policy: origin not allowed
    at origin (E:\ecommerce\backend\middlewares\cors.middleware.js:12:33)
    at E:\ecommerce\backend\node_modules\cors\lib\index.js:219:13
    at optionsCallback (E:\ecommerce\backend\node_modules\cors\lib\index.js:199:9)
    at corsMiddleware (E:\ecommerce\backend\node_modules\cors\lib\index.js:204:7)
    at Layer.handleRequest (E:\ecommerce\backend\node_modules\router\lib\layer.js:152:17)
    at trimPrefix (E:\ecommerce\backend\node_modules\router\index.js:342:13)
    at E:\ecommerce\backend\node_modules\router\index.js:297:9
    at processParams (E:\ecommerce\backend\node_modules\router\index.js:582:12)
    at next (E:\ecommerce\backend\node_modules\router\index.js:291:5)
    at read (E:\ecommerce\backend\node_modules\body-parser\lib\read.js:53:5)
21-05-2026 15:10:01 | ERROR | Error | GET | /api/v1/product/best-sellers : CORS policy: origin not allowed 
Error: CORS policy: origin not allowed
    at origin (E:\ecommerce\backend\middlewares\cors.middleware.js:12:33)
    at E:\ecommerce\backend\node_modules\cors\lib\index.js:219:13
    at optionsCallback (E:\ecommerce\backend\node_modules\cors\lib\index.js:199:9)
    at corsMiddleware (E:\ecommerce\backend\node_modules\cors\lib\index.js:204:7)
    at Layer.handleRequest (E:\ecommerce\backend\node_modules\router\lib\layer.js:152:17)
    at trimPrefix (E:\ecommerce\backend\node_modules\router\index.js:342:13)
    at E:\ecommerce\backend\node_modules\router\index.js:297:9
    at processParams (E:\ecommerce\backend\node_modules\router\index.js:582:12)
    at next (E:\ecommerce\backend\node_modules\router\index.js:291:5)
    at read (E:\ecommerce\backend\node_modules\body-parser\lib\read.js:53:5)
21-05-2026 15:10:01 | ERROR | Error | GET | /api/v1/testimonials : CORS policy: origin not allowed 
Error: CORS policy: origin not allowed
    at origin (E:\ecommerce\backend\middlewares\cors.middleware.js:12:33)
    at E:\ecommerce\backend\node_modules\cors\lib\index.js:219:13
    at optionsCallback (E:\ecommerce\backend\node_modules\cors\lib\index.js:199:9)
    at corsMiddleware (E:\ecommerce\backend\node_modules\cors\lib\index.js:204:7)
    at Layer.handleRequest (E:\ecommerce\backend\node_modules\router\lib\layer.js:152:17)
    at trimPrefix (E:\ecommerce\backend\node_modules\router\index.js:342:13)
    at E:\ecommerce\backend\node_modules\router\index.js:297:9
    at processParams (E:\ecommerce\backend\node_modules\router\index.js:582:12)
    at next (E:\ecommerce\backend\node_modules\router\index.js:291:5)
    at read (E:\ecommerce\backend\node_modules\body-parser\lib\read.js:53:5)
21-05-2026 15:26:59 | ERROR | Error | GET | /api/v1/product/new-arrivals : CORS policy: origin not allowed 
Error: CORS policy: origin not allowed
    at origin (E:\ecommerce\backend\middlewares\cors.middleware.js:12:33)
    at E:\ecommerce\backend\node_modules\cors\lib\index.js:219:13
    at optionsCallback (E:\ecommerce\backend\node_modules\cors\lib\index.js:199:9)
    at corsMiddleware (E:\ecommerce\backend\node_modules\cors\lib\index.js:204:7)
    at Layer.handleRequest (E:\ecommerce\backend\node_modules\router\lib\layer.js:152:17)
    at trimPrefix (E:\ecommerce\backend\node_modules\router\index.js:342:13)
    at E:\ecommerce\backend\node_modules\router\index.js:297:9
    at processParams (E:\ecommerce\backend\node_modules\router\index.js:582:12)
    at next (E:\ecommerce\backend\node_modules\router\index.js:291:5)
    at read (E:\ecommerce\backend\node_modules\body-parser\lib\read.js:53:5)
21-05-2026 15:26:59 | ERROR | Error | GET | /api/v1/product/best-sellers : CORS policy: origin not allowed 
Error: CORS policy: origin not allowed
    at origin (E:\ecommerce\backend\middlewares\cors.middleware.js:12:33)
    at E:\ecommerce\backend\node_modules\cors\lib\index.js:219:13
    at optionsCallback (E:\ecommerce\backend\node_modules\cors\lib\index.js:199:9)
    at corsMiddleware (E:\ecommerce\backend\node_modules\cors\lib\index.js:204:7)
    at Layer.handleRequest (E:\ecommerce\backend\node_modules\router\lib\layer.js:152:17)
    at trimPrefix (E:\ecommerce\backend\node_modules\router\index.js:342:13)
    at E:\ecommerce\backend\node_modules\router\index.js:297:9
    at processParams (E:\ecommerce\backend\node_modules\router\index.js:582:12)
    at next (E:\ecommerce\backend\node_modules\router\index.js:291:5)
    at read (E:\ecommerce\backend\node_modules\body-parser\lib\read.js:53:5)
21-05-2026 15:26:59 | ERROR | Error | GET | /api/v1/testimonials : CORS policy: origin not allowed 
Error: CORS policy: origin not allowed
    at origin (E:\ecommerce\backend\middlewares\cors.middleware.js:12:33)
    at E:\ecommerce\backend\node_modules\cors\lib\index.js:219:13
    at optionsCallback (E:\ecommerce\backend\node_modules\cors\lib\index.js:199:9)
    at corsMiddleware (E:\ecommerce\backend\node_modules\cors\lib\index.js:204:7)
    at Layer.handleRequest (E:\ecommerce\backend\node_modules\router\lib\layer.js:152:17)
    at trimPrefix (E:\ecommerce\backend\node_modules\router\index.js:342:13)
    at E:\ecommerce\backend\node_modules\router\index.js:297:9
    at processParams (E:\ecommerce\backend\node_modules\router\index.js:582:12)
    at next (E:\ecommerce\backend\node_modules\router\index.js:291:5)
    at read (E:\ecommerce\backend\node_modules\body-parser\lib\read.js:53:5)
21-05-2026 15:31:37 | ERROR | Error | OPTIONS | /api/v1/auth/login : CORS policy: origin not allowed 
Error: CORS policy: origin not allowed
    at origin (E:\ecommerce\backend\middlewares\cors.middleware.js:12:33)
    at E:\ecommerce\backend\node_modules\cors\lib\index.js:219:13
    at optionsCallback (E:\ecommerce\backend\node_modules\cors\lib\index.js:199:9)
    at corsMiddleware (E:\ecommerce\backend\node_modules\cors\lib\index.js:204:7)
    at Layer.handleRequest (E:\ecommerce\backend\node_modules\router\lib\layer.js:152:17)
    at trimPrefix (E:\ecommerce\backend\node_modules\router\index.js:342:13)
    at E:\ecommerce\backend\node_modules\router\index.js:297:9
    at processParams (E:\ecommerce\backend\node_modules\router\index.js:582:12)
    at next (E:\ecommerce\backend\node_modules\router\index.js:291:5)
    at read (E:\ecommerce\backend\node_modules\body-parser\lib\read.js:53:5)
21-05-2026 15:36:28 | ERROR | Error | GET | /api/v1/product/new-arrivals : CORS policy: origin not allowed 
Error: CORS policy: origin not allowed
    at origin (E:\ecommerce\backend\middlewares\cors.middleware.js:12:33)
    at E:\ecommerce\backend\node_modules\cors\lib\index.js:219:13
    at optionsCallback (E:\ecommerce\backend\node_modules\cors\lib\index.js:199:9)
    at corsMiddleware (E:\ecommerce\backend\node_modules\cors\lib\index.js:204:7)
    at Layer.handleRequest (E:\ecommerce\backend\node_modules\router\lib\layer.js:152:17)
    at trimPrefix (E:\ecommerce\backend\node_modules\router\index.js:342:13)
    at E:\ecommerce\backend\node_modules\router\index.js:297:9
    at processParams (E:\ecommerce\backend\node_modules\router\index.js:582:12)
    at next (E:\ecommerce\backend\node_modules\router\index.js:291:5)
    at read (E:\ecommerce\backend\node_modules\body-parser\lib\read.js:53:5)
21-05-2026 15:36:28 | ERROR | Error | GET | /api/v1/product/best-sellers : CORS policy: origin not allowed 
Error: CORS policy: origin not allowed
    at origin (E:\ecommerce\backend\middlewares\cors.middleware.js:12:33)
    at E:\ecommerce\backend\node_modules\cors\lib\index.js:219:13
    at optionsCallback (E:\ecommerce\backend\node_modules\cors\lib\index.js:199:9)
    at corsMiddleware (E:\ecommerce\backend\node_modules\cors\lib\index.js:204:7)
    at Layer.handleRequest (E:\ecommerce\backend\node_modules\router\lib\layer.js:152:17)
    at trimPrefix (E:\ecommerce\backend\node_modules\router\index.js:342:13)
    at E:\ecommerce\backend\node_modules\router\index.js:297:9
    at processParams (E:\ecommerce\backend\node_modules\router\index.js:582:12)
    at next (E:\ecommerce\backend\node_modules\router\index.js:291:5)
    at read (E:\ecommerce\backend\node_modules\body-parser\lib\read.js:53:5)
21-05-2026 15:36:28 | ERROR | Error | GET | /api/v1/testimonials : CORS policy: origin not allowed 
Error: CORS policy: origin not allowed
    at origin (E:\ecommerce\backend\middlewares\cors.middleware.js:12:33)
    at E:\ecommerce\backend\node_modules\cors\lib\index.js:219:13
    at optionsCallback (E:\ecommerce\backend\node_modules\cors\lib\index.js:199:9)
    at corsMiddleware (E:\ecommerce\backend\node_modules\cors\lib\index.js:204:7)
    at Layer.handleRequest (E:\ecommerce\backend\node_modules\router\lib\layer.js:152:17)
    at trimPrefix (E:\ecommerce\backend\node_modules\router\index.js:342:13)
    at E:\ecommerce\backend\node_modules\router\index.js:297:9
    at processParams (E:\ecommerce\backend\node_modules\router\index.js:582:12)
    at next (E:\ecommerce\backend\node_modules\router\index.js:291:5)
    at read (E:\ecommerce\backend\node_modules\body-parser\lib\read.js:53:5)
21-05-2026 21:45:34 | ERROR | Error | POST | /api/v1/testimonials : Testimonial validation failed: comment: Path `comment` (`qwerqr`, length 6) is shorter than the minimum allowed length (10). 
ValidationError: Testimonial validation failed: comment: Path `comment` (`qwerqr`, length 6) is shorter than the minimum allowed length (10).
    at model.validate (E:\ecommerce\backend\node_modules\mongoose\lib\document.js:2864:36)
    at process.processTicksAndRejections (node:internal/process/task_queues:105:5)
    at async model.$__save (E:\ecommerce\backend\node_modules\mongoose\lib\model.js:393:7)
    at async model.save (E:\ecommerce\backend\node_modules\mongoose\lib\model.js:667:5)
    at async Function.create (E:\ecommerce\backend\node_modules\mongoose\lib\model.js:2747:5)
    at async E:\ecommerce\backend\controllers\testimonial.controller.js:15:25
